transaction_id,transaction_date,customer_segment,channel,transaction_amount,merchant_category,risk_score,fraud_flag,chargeback_flag
TXN-00000001,2025-12-06,small_business,atm,15.03,electronics,0.402,0,0
TXN-00000002,2025-06-05,private,wire,608.95,crypto,0.583,0,0
TXN-00000003,2025-02-08,mass,card_not_present,266.5,cash,0.847,0,0
TXN-00000004,2025-05-17,affluent,mobile,202.78,travel,0.092,0,0
TXN-00000005,2025-02-27,mass,mobile,13.05,electronics,0.241,0,0
TXN-00000006,2025-06-14,affluent,card_not_present,43.81,grocery,0.439,0,0
TXN-00000007,2025-11-08,small_business,wire,287.64,travel,0.636,0,0
TXN-00000008,2025-12-23,small_business,wire,501.49,crypto,0.14,0,0
TXN-00000009,2026-02-05,private,atm,117.02,grocery,0.227,0,0
TXN-00000010,2025-11-20,affluent,atm,34.8,crypto,0.3,0,0
TXN-00000011,2025-02-27,private,card_not_present,87.57,cash,0.373,0,0
TXN-00000012,2025-01-02,mass,card_not_present,11.06,services,0.141,0,0
TXN-00000013,2025-04-11,affluent,atm,89.27,cash,0.704,0,0
TXN-00000014,2025-05-08,mass,mobile,124.77,travel,0.159,0,0
TXN-00000015,2025-10-24,private,mobile,356.53,travel,0.149,0,0
TXN-00000016,2025-10-24,mass,wire,237.86,cash,0.506,0,0
TXN-00000017,2025-02-24,affluent,card_present,782.27,travel,0.519,0,0
TXN-00000018,2025-04-06,private,card_not_present,47.85,grocery,0.321,0,0
TXN-00000019,2025-01-16,private,atm,69.1,electronics,0.025,0,0
TXN-00000020,2025-02-05,affluent,card_not_present,264.67,cash,0.373,0,0
TXN-00000021,2026-02-14,mass,wire,21.5,travel,0.386,0,0
TXN-00000022,2025-03-08,private,card_not_present,73.4,crypto,0.613,0,0
TXN-00000023,2025-08-14,affluent,card_not_present,90.85,grocery,0.763,0,0
TXN-00000024,2025-12-29,affluent,card_not_present,7.55,grocery,0.075,0,0
TXN-00000025,2025-02-24,affluent,wire,127.94,cash,0.531,0,0
TXN-00000026,2025-12-01,mass,wire,124.01,services,0.456,0,0
TXN-00000027,2026-02-18,affluent,mobile,138.75,travel,0.231,0,0
TXN-00000028,2025-01-23,affluent,wire,78.5,travel,0.53,0,0
TXN-00000029,2025-12-20,private,card_present,80.72,electronics,0.314,1,1
TXN-00000030,2025-07-14,private,wire,55.79,electronics,0.434,0,0
TXN-00000031,2025-10-13,private,card_not_present,699.47,crypto,0.461,0,0
TXN-00000032,2025-04-09,mass,card_not_present,54.87,travel,0.546,0,0
TXN-00000033,2025-05-26,small_business,wire,62.52,electronics,0.153,0,0
TXN-00000034,2026-01-01,affluent,mobile,46.0,grocery,0.095,0,0
TXN-00000035,2025-03-11,private,card_not_present,16.78,travel,0.582,0,0
TXN-00000036,2025-07-27,affluent,wire,197.19,electronics,0.226,0,0
TXN-00000037,2025-10-10,mass,card_not_present,34.43,electronics,0.462,0,0
TXN-00000038,2026-02-24,mass,wire,191.86,cash,0.386,0,0
TXN-00000039,2025-10-23,small_business,mobile,71.32,crypto,0,0,0
TXN-00000040,2026-01-27,mass,mobile,93.28,services,0.377,0,0
TXN-00000041,2025-01-01,private,wire,25.6,travel,0,0,0
TXN-00000042,2025-09-11,private,wire,193.12,electronics,0.402,0,0
TXN-00000043,2025-06-13,mass,card_present,110.84,services,0,0,0
TXN-00000044,2026-01-04,small_business,mobile,11.59,grocery,0.431,0,0
TXN-00000045,2025-12-17,private,card_present,218.37,travel,0.215,0,0
TXN-00000046,2025-07-01,affluent,card_present,139.26,services,0.259,0,0
TXN-00000047,2025-10-15,private,atm,69.86,cash,0.173,0,0
TXN-00000048,2025-09-23,affluent,wire,238.58,travel,0.159,0,0
TXN-00000049,2025-01-03,mass,atm,40.38,travel,0.06,0,0
TXN-00000050,2025-08-27,small_business,card_present,55.98,services,0.349,0,0
TXN-00000051,2025-02-15,mass,atm,706.8,services,0.248,0,0
TXN-00000052,2025-07-15,affluent,atm,2.81,travel,0.077,0,0
TXN-00000053,2025-02-04,private,atm,36.35,electronics,0.294,0,0
TXN-00000054,2026-02-07,private,mobile,16.31,cash,0.443,0,0
TXN-00000055,2026-02-19,mass,wire,49.89,grocery,0.535,0,0
TXN-00000056,2025-04-05,private,mobile,10.83,travel,0.076,0,0
TXN-00000057,2025-11-01,private,mobile,43.83,cash,0.626,0,0
TXN-00000058,2025-08-11,affluent,atm,110.48,electronics,0.287,0,0
TXN-00000059,2026-02-02,affluent,card_not_present,3.73,travel,0.466,0,0
TXN-00000060,2025-06-19,affluent,atm,21.0,crypto,0.25,0,0
TXN-00000061,2025-04-09,small_business,atm,42.41,electronics,0.141,0,0
TXN-00000062,2025-07-22,affluent,card_present,90.69,travel,0,0,0
TXN-00000063,2026-01-15,affluent,wire,99.6,grocery,0.622,0,0
TXN-00000064,2026-02-08,affluent,card_not_present,13.91,electronics,0.435,0,0
TXN-00000065,2025-12-22,mass,card_present,39.15,electronics,0,0,0
TXN-00000066,2025-07-07,small_business,card_not_present,61.51,cash,0.43,0,0
TXN-00000067,2025-04-04,private,card_present,52.42,cash,0,0,0
TXN-00000068,2025-11-19,mass,wire,28.88,grocery,0.505,0,0
TXN-00000069,2025-01-22,private,atm,52.26,travel,0.067,0,0
TXN-00000070,2025-10-12,affluent,card_not_present,108.37,services,0.433,0,0
TXN-00000071,2026-02-11,private,card_not_present,102.23,crypto,0.104,0,0
TXN-00000072,2025-01-24,small_business,card_not_present,222.8,grocery,0.358,0,0
TXN-00000073,2026-01-20,small_business,card_present,135.75,electronics,0,0,0
TXN-00000074,2025-02-22,small_business,card_not_present,99.69,cash,0.548,0,0
TXN-00000075,2025-12-23,small_business,wire,133.6,cash,0.762,0,0
TXN-00000076,2025-04-03,mass,card_present,9.69,cash,0.037,0,0
TXN-00000077,2025-08-03,private,atm,49.6,cash,0.241,0,0
TXN-00000078,2025-07-19,affluent,atm,82.43,electronics,0.137,0,0
TXN-00000079,2025-09-12,private,wire,172.45,travel,0.687,0,0
TXN-00000080,2025-03-22,private,mobile,1163.73,grocery,0.482,0,0
TXN-00000081,2025-05-31,mass,atm,12.36,electronics,0.327,0,0
TXN-00000082,2025-04-07,affluent,card_not_present,261.73,cash,0.52,0,0
TXN-00000083,2025-08-11,private,mobile,1814.37,grocery,0.319,0,0
TXN-00000084,2025-02-05,small_business,card_not_present,24.05,crypto,0.386,0,0
TXN-00000085,2026-02-13,mass,atm,113.09,cash,0.132,0,0
TXN-00000086,2026-01-03,small_business,card_present,102.26,grocery,0.263,0,0
TXN-00000087,2025-11-03,small_business,wire,853.41,services,0.362,0,0
TXN-00000088,2025-09-12,mass,wire,16.59,crypto,0.29,1,1
TXN-00000089,2025-09-23,mass,atm,33.11,travel,0,0,0
TXN-00000090,2025-10-01,affluent,card_not_present,63.49,crypto,0.627,0,0
TXN-00000091,2025-04-08,mass,mobile,141.24,electronics,0.341,0,0
TXN-00000092,2025-09-11,small_business,card_not_present,117.65,crypto,0.658,0,0
TXN-00000093,2025-08-03,small_business,atm,50.85,grocery,0.238,0,0
TXN-00000094,2025-05-22,affluent,wire,69.53,cash,0.221,0,0
TXN-00000095,2025-07-16,affluent,mobile,42.99,travel,0.385,0,0
TXN-00000096,2025-04-17,small_business,wire,148.74,cash,0.581,0,0
TXN-00000097,2026-01-02,small_business,card_present,206.72,crypto,0.458,0,0
TXN-00000098,2025-02-28,private,mobile,340.42,electronics,0.085,0,0
TXN-00000099,2025-02-20,private,atm,51.3,travel,0.368,0,0
TXN-00000100,2025-12-31,private,card_not_present,36.21,grocery,0.758,0,0
TXN-00000101,2025-09-16,affluent,card_not_present,18.26,grocery,0.44,0,0
TXN-00000102,2025-08-14,small_business,card_not_present,1531.35,travel,0.626,0,0
TXN-00000103,2025-05-17,small_business,mobile,38.25,services,0.131,0,0
TXN-00000104,2025-07-25,private,atm,185.5,cash,0.339,0,0
TXN-00000105,2025-09-07,affluent,card_not_present,255.25,electronics,0.454,0,0
TXN-00000106,2025-02-05,affluent,mobile,86.41,electronics,0,0,0
TXN-00000107,2025-06-25,affluent,wire,115.33,electronics,0.468,0,0
TXN-00000108,2025-10-21,small_business,mobile,273.2,cash,0.341,0,0
TXN-00000109,2025-04-18,small_business,mobile,24.1,services,0,0,0
TXN-00000110,2025-07-05,small_business,card_not_present,175.08,grocery,0.545,0,0
TXN-00000111,2025-12-08,small_business,mobile,168.02,electronics,0.343,0,0
TXN-00000112,2026-02-12,small_business,atm,51.53,crypto,0.173,0,0
TXN-00000113,2025-10-31,affluent,atm,3.54,travel,0.308,0,0
TXN-00000114,2025-01-17,small_business,mobile,52.91,services,0.388,0,0
TXN-00000115,2025-09-01,mass,atm,42.8,services,0.455,0,0
TXN-00000116,2025-08-15,small_business,mobile,30.68,services,0.151,0,0
TXN-00000117,2025-03-03,private,mobile,4.96,cash,0.181,0,0
TXN-00000118,2025-08-19,small_business,atm,441.99,electronics,0.25,0,0
TXN-00000119,2025-07-05,mass,atm,917.28,cash,0.055,0,0
TXN-00000120,2025-12-10,mass,card_present,45.98,travel,0.558,0,0
TXN-00000121,2025-07-28,affluent,atm,38.75,services,0.155,0,0
TXN-00000122,2025-10-29,small_business,mobile,227.29,crypto,0,0,0
TXN-00000123,2026-01-11,mass,card_present,16.0,grocery,0.439,0,0
TXN-00000124,2025-02-11,affluent,card_present,714.55,services,0.111,0,0
TXN-00000125,2025-04-04,mass,card_not_present,103.59,cash,0.508,0,0
TXN-00000126,2025-11-17,small_business,wire,184.34,electronics,0.633,0,0
TXN-00000127,2025-06-24,private,wire,140.05,grocery,0.205,0,0
TXN-00000128,2025-11-27,affluent,card_not_present,110.47,electronics,0.6,0,0
TXN-00000129,2025-01-08,small_business,atm,53.49,electronics,0.432,0,0
TXN-00000130,2025-01-28,mass,mobile,54.99,travel,0.35,0,0
TXN-00000131,2025-05-02,private,card_not_present,168.81,cash,0.441,0,1
TXN-00000132,2025-08-15,affluent,wire,34.3,grocery,0.72,0,0
TXN-00000133,2025-02-08,affluent,atm,101.24,travel,0.397,0,0
TXN-00000134,2025-02-24,affluent,atm,85.52,travel,0.418,0,0
TXN-00000135,2025-06-03,private,wire,45.21,electronics,0.41,0,0
TXN-00000136,2025-02-16,affluent,wire,22.58,grocery,0.519,1,1
TXN-00000137,2025-08-11,small_business,card_present,56.68,cash,0.232,0,0
TXN-00000138,2025-02-13,small_business,wire,89.76,crypto,0.058,0,0
TXN-00000139,2025-08-26,small_business,card_not_present,126.46,grocery,0.651,0,0
TXN-00000140,2025-09-18,mass,card_not_present,63.29,grocery,0.591,0,0
TXN-00000141,2025-07-13,mass,wire,72.04,travel,0.901,0,0
TXN-00000142,2026-02-16,mass,wire,45.85,grocery,0.396,0,0
TXN-00000143,2025-04-29,small_business,mobile,24.14,cash,0.154,0,0
TXN-00000144,2025-01-09,affluent,card_present,252.5,crypto,0.113,0,0
TXN-00000145,2026-02-04,small_business,mobile,144.26,electronics,0.342,0,0
TXN-00000146,2025-05-06,private,atm,1343.71,grocery,0.307,0,0
TXN-00000147,2025-06-12,small_business,mobile,145.02,travel,0.158,0,0
TXN-00000148,2025-09-27,affluent,card_not_present,280.38,grocery,0.378,0,0
TXN-00000149,2026-02-01,small_business,mobile,27.98,crypto,0.145,0,0
TXN-00000150,2025-12-15,mass,atm,13.53,cash,0.101,0,0
TXN-00000151,2025-04-06,mass,wire,11.52,cash,0.321,0,0
TXN-00000152,2025-12-11,small_business,card_not_present,167.1,cash,0.418,0,0
TXN-00000153,2025-07-07,private,mobile,132.79,cash,0.287,0,0
TXN-00000154,2025-04-30,mass,card_not_present,154.95,crypto,0.155,0,0
TXN-00000155,2025-02-18,small_business,card_not_present,80.01,crypto,0.482,0,0
TXN-00000156,2025-02-27,small_business,wire,122.82,grocery,0.46,0,0
TXN-00000157,2026-02-13,private,atm,51.22,cash,0.152,0,0
TXN-00000158,2025-05-15,affluent,card_not_present,30.7,travel,0.315,0,0
TXN-00000159,2025-10-26,mass,card_not_present,266.19,cash,0.406,0,0
TXN-00000160,2025-08-05,affluent,atm,17.33,cash,0.564,0,0
TXN-00000161,2025-01-13,affluent,card_present,138.97,travel,0,0,0
TXN-00000162,2025-06-07,private,card_present,403.0,services,0.313,0,0
TXN-00000163,2025-02-09,small_business,card_not_present,59.71,crypto,0.233,0,0
TXN-00000164,2025-11-23,affluent,card_present,11.15,services,0.094,0,0
TXN-00000165,2025-05-13,mass,card_present,284.45,services,0.046,0,0
TXN-00000166,2025-05-24,private,wire,54.46,cash,0.523,0,0
TXN-00000167,2025-12-15,private,card_not_present,162.85,cash,0.503,0,0
TXN-00000168,2025-08-12,affluent,atm,139.58,crypto,0.154,0,0
TXN-00000169,2025-01-04,mass,mobile,135.49,electronics,0.085,0,0
TXN-00000170,2025-01-31,private,card_not_present,190.83,grocery,0.507,0,0
TXN-00000171,2025-01-18,mass,mobile,79.52,services,0.11,0,0
TXN-00000172,2026-02-19,mass,card_present,21.4,grocery,0,0,0
TXN-00000173,2026-02-20,small_business,card_present,52.03,grocery,0.486,0,0
TXN-00000174,2025-09-01,private,atm,65.01,grocery,0.281,0,0
TXN-00000175,2025-05-23,mass,atm,191.57,services,0.192,0,0
TXN-00000176,2025-11-18,mass,atm,132.48,grocery,0.217,0,0
TXN-00000177,2025-12-23,affluent,atm,42.1,services,0.329,0,0
TXN-00000178,2025-08-03,affluent,mobile,54.04,crypto,0.259,0,0
TXN-00000179,2025-06-29,affluent,wire,74.72,travel,0.353,0,0
TXN-00000180,2025-02-24,small_business,wire,79.05,electronics,0.257,0,0
TXN-00000181,2025-09-05,mass,atm,44.47,cash,0.061,0,0
TXN-00000182,2025-11-17,small_business,atm,124.96,services,0.258,0,0
TXN-00000183,2026-02-12,affluent,card_present,40.57,grocery,0.397,0,0
TXN-00000184,2025-09-27,mass,atm,276.37,cash,0.144,0,0
TXN-00000185,2025-11-12,affluent,atm,152.73,electronics,0.232,0,0
TXN-00000186,2025-02-08,affluent,mobile,288.7,travel,0.226,0,0
TXN-00000187,2025-08-10,small_business,atm,156.98,grocery,0.434,0,0
TXN-00000188,2026-02-05,private,card_not_present,140.16,grocery,0.45,0,0
TXN-00000189,2026-02-06,private,card_not_present,105.79,electronics,0.248,0,0
TXN-00000190,2025-04-10,private,mobile,55.06,cash,0.581,0,0
TXN-00000191,2025-11-08,small_business,card_not_present,965.65,grocery,0.327,0,0
TXN-00000192,2025-04-30,mass,atm,126.3,services,0.233,0,0
TXN-00000193,2025-07-26,small_business,card_not_present,484.92,electronics,0.538,0,0
TXN-00000194,2025-11-07,small_business,mobile,29.42,services,0,0,0
TXN-00000195,2025-01-06,small_business,atm,30.76,cash,0.129,0,0
TXN-00000196,2025-06-28,private,wire,96.48,services,0.439,0,0
TXN-00000197,2025-11-28,affluent,card_not_present,223.82,cash,0.386,0,0
TXN-00000198,2025-12-25,affluent,mobile,79.26,cash,0,0,0
TXN-00000199,2025-04-04,small_business,mobile,48.01,cash,0.352,0,0
TXN-00000200,2025-08-05,private,wire,30.39,crypto,0.548,0,0
TXN-00000201,2025-09-28,mass,card_not_present,91.5,travel,0.314,0,0
TXN-00000202,2025-08-18,mass,card_not_present,102.16,cash,0.73,0,0
TXN-00000203,2026-01-14,private,wire,368.34,crypto,0.606,0,0
TXN-00000204,2025-05-03,affluent,mobile,25.43,crypto,0,0,0
TXN-00000205,2025-05-12,affluent,atm,28.31,electronics,0.328,0,0
TXN-00000206,2025-04-15,mass,atm,103.23,grocery,0,0,0
TXN-00000207,2025-11-10,affluent,atm,414.61,crypto,0.437,0,0
TXN-00000208,2026-02-14,private,atm,657.19,services,0.526,0,0
TXN-00000209,2025-06-29,small_business,wire,8.05,travel,0.276,0,0
TXN-00000210,2025-03-08,affluent,card_not_present,83.04,crypto,0.387,0,0
TXN-00000211,2025-09-26,mass,mobile,22.53,cash,0.777,0,0
TXN-00000212,2025-06-12,mass,card_present,70.34,grocery,0.402,0,0
TXN-00000213,2025-05-26,affluent,card_present,9.84,cash,0.306,0,0
TXN-00000214,2025-03-02,private,atm,40.14,cash,0.376,0,0
TXN-00000215,2025-10-03,affluent,mobile,240.0,grocery,0.222,0,0
TXN-00000216,2025-11-28,affluent,card_present,30.16,crypto,0.156,0,0
TXN-00000217,2025-10-28,small_business,card_not_present,84.42,electronics,0.596,0,0
TXN-00000218,2025-08-21,private,mobile,1312.3,grocery,0.15,0,0
TXN-00000219,2025-06-29,mass,card_present,29.4,grocery,0.13,0,0
TXN-00000220,2025-05-27,small_business,atm,166.34,services,0.467,0,0
TXN-00000221,2025-06-02,private,atm,70.79,cash,0.468,0,0
TXN-00000222,2025-09-16,private,card_present,19.58,services,0.456,0,0
TXN-00000223,2026-01-13,small_business,mobile,241.86,cash,0.185,0,0
TXN-00000224,2025-07-08,small_business,wire,58.58,travel,0.336,0,0
TXN-00000225,2025-08-17,affluent,atm,155.4,travel,0.136,0,0
TXN-00000226,2025-11-26,small_business,card_not_present,61.18,crypto,0.437,0,0
TXN-00000227,2025-05-19,small_business,mobile,32.13,grocery,0.2,0,0
TXN-00000228,2025-06-30,private,card_present,32.57,services,0,0,0
TXN-00000229,2025-08-22,mass,card_not_present,42.36,services,0.635,0,0
TXN-00000230,2025-11-03,small_business,atm,52.41,electronics,0.178,0,0
TXN-00000231,2025-11-12,private,atm,36.07,crypto,0.096,0,0
TXN-00000232,2025-02-10,small_business,card_not_present,154.12,electronics,0.604,0,0
TXN-00000233,2025-12-29,private,card_present,267.05,electronics,0.315,0,0
TXN-00000234,2026-01-18,private,wire,190.19,crypto,0.425,0,0
TXN-00000235,2025-07-26,affluent,atm,83.16,crypto,0.325,0,0
TXN-00000236,2025-02-18,mass,atm,80.68,grocery,0.344,0,0
TXN-00000237,2025-02-24,affluent,wire,968.15,cash,0.516,0,0
TXN-00000238,2025-10-11,affluent,wire,59.54,grocery,0.472,0,0
TXN-00000239,2025-07-27,affluent,card_not_present,59.33,crypto,0.209,0,0
TXN-00000240,2025-04-29,private,card_not_present,18.34,travel,0.329,0,0
TXN-00000241,2025-05-28,mass,card_present,372.42,grocery,0.156,0,0
TXN-00000242,2025-05-16,mass,card_not_present,63.58,services,0.206,0,0
TXN-00000243,2025-07-12,affluent,card_not_present,140.03,cash,0.573,0,0
TXN-00000244,2025-09-11,small_business,mobile,547.2,services,0.027,0,0
TXN-00000245,2025-09-08,small_business,card_present,35.02,crypto,0.115,0,0
TXN-00000246,2025-02-07,private,mobile,80.44,travel,0,0,0
TXN-00000247,2025-11-30,private,mobile,74.82,cash,0.279,0,0
TXN-00000248,2026-02-12,affluent,atm,39.37,travel,0.318,0,0
TXN-00000249,2025-11-02,small_business,atm,33.99,crypto,0.004,0,0
TXN-00000250,2025-12-22,private,atm,46.71,cash,0.012,0,0
TXN-00000251,2025-05-29,mass,wire,94.11,grocery,0.855,0,0
TXN-00000252,2025-11-27,small_business,atm,27.05,grocery,0.174,0,0
TXN-00000253,2025-12-02,private,atm,51.74,services,0.265,0,0
TXN-00000254,2025-02-18,affluent,mobile,20.13,travel,0.521,0,0
TXN-00000255,2025-04-24,mass,atm,314.8,grocery,0.338,0,0
TXN-00000256,2025-01-14,affluent,atm,289.27,crypto,0.064,0,0
TXN-00000257,2025-08-02,small_business,mobile,39.22,grocery,0.481,0,0
TXN-00000258,2025-06-14,private,card_not_present,80.34,crypto,0.438,0,0
TXN-00000259,2025-08-17,small_business,card_not_present,431.09,services,0.03,0,0
TXN-00000260,2025-02-08,private,mobile,54.21,crypto,0.416,0,0
TXN-00000261,2025-03-23,mass,atm,157.16,travel,0.395,0,0
TXN-00000262,2025-10-23,mass,wire,34.03,electronics,0.295,0,0
TXN-00000263,2025-03-16,mass,atm,41.95,travel,0.208,0,0
TXN-00000264,2025-09-02,mass,wire,17.93,services,0.289,0,0
TXN-00000265,2025-10-23,private,card_not_present,128.74,electronics,0.719,0,0
TXN-00000266,2025-01-25,small_business,atm,1480.17,grocery,0.172,0,0
TXN-00000267,2025-02-06,affluent,wire,39.28,services,0.467,0,0
TXN-00000268,2025-06-09,small_business,mobile,93.46,services,0.348,0,0
TXN-00000269,2025-07-21,affluent,wire,194.54,travel,0.446,0,0
TXN-00000270,2025-06-09,private,wire,55.61,grocery,0.308,0,0
TXN-00000271,2025-11-02,mass,mobile,14.62,travel,0.315,0,0
TXN-00000272,2025-01-02,mass,card_present,569.0,services,0.181,0,0
TXN-00000273,2025-05-12,small_business,wire,227.28,grocery,0.23,0,0
TXN-00000274,2025-02-17,small_business,card_present,27.94,electronics,0.47,0,0
TXN-00000275,2025-10-27,small_business,atm,66.48,services,0.135,0,0
TXN-00000276,2026-02-02,private,atm,22.43,electronics,0,0,0
TXN-00000277,2025-03-18,private,card_present,22.3,electronics,0.202,0,0
TXN-00000278,2025-03-06,small_business,card_present,27.19,grocery,0.429,0,0
TXN-00000279,2025-01-23,small_business,card_present,87.05,services,0.739,0,0
TXN-00000280,2025-04-13,small_business,wire,212.4,services,0.648,0,0
TXN-00000281,2025-11-28,private,mobile,11.72,electronics,0.21,0,0
TXN-00000282,2025-10-03,affluent,mobile,346.08,crypto,0.372,0,0
TXN-00000283,2025-03-15,private,card_not_present,91.2,grocery,0.282,0,0
TXN-00000284,2025-05-17,private,card_not_present,41.5,cash,0.33,1,1
TXN-00000285,2025-01-13,private,card_not_present,69.77,cash,0.469,0,0
TXN-00000286,2025-06-12,small_business,mobile,29.59,grocery,0,0,0
TXN-00000287,2026-01-11,small_business,card_present,74.42,services,0.366,0,0
TXN-00000288,2025-07-09,small_business,mobile,251.48,travel,0.551,0,0
TXN-00000289,2025-12-28,small_business,mobile,38.58,cash,0.169,0,0
TXN-00000290,2025-03-30,small_business,atm,143.52,services,0.606,0,0
TXN-00000291,2025-02-16,mass,card_present,46.86,cash,0.388,0,0
TXN-00000292,2026-02-11,mass,card_not_present,284.77,services,0.102,0,0
TXN-00000293,2025-09-24,private,card_not_present,75.97,travel,0.285,0,0
TXN-00000294,2025-08-30,affluent,mobile,66.6,services,0.089,0,0
TXN-00000295,2025-10-30,affluent,card_not_present,23.7,grocery,0.5,0,0
TXN-00000296,2025-08-22,mass,card_not_present,165.58,electronics,0.476,0,0
TXN-00000297,2025-11-02,mass,wire,36.43,services,0.425,0,0
TXN-00000298,2025-02-07,small_business,atm,34.49,cash,0.236,0,0
TXN-00000299,2025-04-04,affluent,mobile,141.21,grocery,0.27,0,0
TXN-00000300,2025-04-26,small_business,card_not_present,56.2,cash,0.644,0,0
TXN-00000301,2025-12-26,mass,card_present,334.99,electronics,0.218,0,0
TXN-00000302,2025-06-06,affluent,card_present,33.55,crypto,0.095,0,0
TXN-00000303,2026-02-04,private,card_present,77.99,electronics,0.283,0,0
TXN-00000304,2026-01-31,small_business,wire,55.71,grocery,0.355,0,0
TXN-00000305,2025-07-02,small_business,card_not_present,523.9,travel,0.279,0,0
TXN-00000306,2025-12-01,affluent,atm,9.26,services,0.16,0,0
TXN-00000307,2025-09-16,affluent,card_present,67.27,services,0.255,0,0
TXN-00000308,2026-02-03,private,mobile,25.22,crypto,0.415,0,0
TXN-00000309,2025-08-10,private,card_present,230.69,grocery,0.065,0,0
TXN-00000310,2025-07-01,affluent,wire,26.25,cash,0.727,0,0
TXN-00000311,2025-06-08,small_business,atm,124.73,travel,0.387,0,0
TXN-00000312,2025-09-27,small_business,mobile,597.99,crypto,0,0,0
TXN-00000313,2025-08-16,affluent,mobile,324.08,services,0.545,0,0
TXN-00000314,2025-04-23,affluent,mobile,34.46,crypto,0.252,0,0
TXN-00000315,2025-02-22,private,card_not_present,221.7,electronics,0.565,0,0
TXN-00000316,2025-12-28,private,wire,45.32,cash,0.373,0,0
TXN-00000317,2025-12-21,mass,atm,469.79,grocery,0.091,0,0
TXN-00000318,2025-03-23,mass,wire,177.0,cash,0.411,0,0
TXN-00000319,2025-01-09,mass,atm,39.29,electronics,0.138,1,1
TXN-00000320,2025-05-24,affluent,atm,44.08,cash,0,0,0
TXN-00000321,2026-01-24,small_business,card_present,147.67,services,0.178,0,0
TXN-00000322,2025-10-18,small_business,card_not_present,43.69,travel,0.672,0,0
TXN-00000323,2026-01-01,mass,card_present,343.9,services,0.019,0,0
TXN-00000324,2026-01-03,private,card_not_present,117.4,cash,0.387,0,0
TXN-00000325,2025-07-12,private,wire,84.28,grocery,0.441,0,0
TXN-00000326,2025-01-18,small_business,card_present,338.71,grocery,0.326,0,0
TXN-00000327,2025-10-22,mass,atm,141.57,electronics,0.349,0,0
TXN-00000328,2025-10-15,mass,card_not_present,215.7,services,0.337,0,0
TXN-00000329,2026-01-21,small_business,card_present,28.02,cash,0.372,0,0
TXN-00000330,2025-01-31,small_business,card_present,15.32,electronics,0.452,1,1
TXN-00000331,2025-10-13,small_business,card_present,5.33,grocery,0.191,0,0
TXN-00000332,2026-01-31,mass,atm,71.88,services,0.146,0,0
TXN-00000333,2025-03-19,private,card_present,44.05,travel,0,0,0
TXN-00000334,2025-02-05,private,atm,111.35,crypto,0.37,0,0
TXN-00000335,2025-03-10,private,mobile,112.89,travel,0.25,0,0
TXN-00000336,2025-12-04,affluent,card_not_present,17.96,services,0.366,0,0
TXN-00000337,2025-12-08,private,wire,271.36,services,0.414,0,0
TXN-00000338,2025-09-28,private,wire,51.59,travel,0.504,0,0
TXN-00000339,2025-06-22,affluent,mobile,26.88,crypto,0.59,0,0
TXN-00000340,2026-02-14,mass,card_not_present,41.47,crypto,0.619,0,0
TXN-00000341,2025-10-07,small_business,wire,207.92,electronics,0.47,0,0
TXN-00000342,2025-09-29,private,wire,60.84,crypto,0.157,0,0
TXN-00000343,2026-02-09,small_business,wire,73.99,grocery,0.416,0,0
TXN-00000344,2025-06-09,private,wire,56.31,services,0.469,0,0
TXN-00000345,2025-04-26,small_business,card_not_present,94.24,travel,0.539,0,0
TXN-00000346,2025-07-14,small_business,wire,24.44,travel,0.576,0,0
TXN-00000347,2025-12-10,small_business,atm,11.17,electronics,0.452,0,0
TXN-00000348,2025-11-12,private,atm,8.52,grocery,0.544,0,0
TXN-00000349,2025-12-13,mass,wire,34.02,electronics,0.676,0,0
TXN-00000350,2026-02-19,small_business,wire,56.02,services,0.745,0,0
TXN-00000351,2025-07-15,small_business,card_present,36.75,crypto,0.206,0,0
TXN-00000352,2025-07-19,small_business,mobile,7.59,cash,0.223,0,0
TXN-00000353,2025-12-09,small_business,atm,725.99,crypto,0.165,0,0
TXN-00000354,2025-09-03,affluent,wire,78.79,cash,0.537,0,0
TXN-00000355,2025-02-16,mass,card_not_present,104.64,services,0.704,0,0
TXN-00000356,2025-06-22,small_business,wire,55.96,services,0.378,0,0
TXN-00000357,2026-01-29,mass,card_present,149.53,cash,0.153,0,0
TXN-00000358,2025-03-03,small_business,mobile,33.67,grocery,0.236,0,0
TXN-00000359,2025-05-31,mass,card_present,71.09,services,0.155,0,0
TXN-00000360,2025-02-28,mass,atm,133.28,crypto,0.026,0,0
TXN-00000361,2025-06-06,small_business,atm,46.15,electronics,0.072,0,0
TXN-00000362,2025-07-01,affluent,wire,184.5,services,0.507,0,0
TXN-00000363,2025-12-23,mass,atm,168.95,cash,0.098,0,0
TXN-00000364,2026-02-24,private,atm,34.9,travel,0.151,0,0
TXN-00000365,2025-07-01,private,card_not_present,56.98,services,0.205,0,0
TXN-00000366,2026-02-19,private,card_present,49.74,grocery,0.266,0,0
TXN-00000367,2025-08-24,private,atm,251.76,services,0.122,0,0
TXN-00000368,2025-04-05,private,card_not_present,25.43,grocery,0.897,0,0
TXN-00000369,2025-07-16,private,mobile,90.26,services,0.515,1,1
TXN-00000370,2025-08-06,private,atm,29.46,crypto,0.285,1,1
TXN-00000371,2025-10-10,small_business,card_present,194.74,cash,0.051,0,0
TXN-00000372,2025-11-22,affluent,card_present,70.38,services,0,0,0
TXN-00000373,2025-10-01,mass,wire,45.78,services,0.799,0,0
TXN-00000374,2025-06-25,affluent,card_not_present,56.9,grocery,0.162,0,0
TXN-00000375,2026-02-13,private,atm,166.09,cash,0.066,0,0
TXN-00000376,2025-02-04,mass,wire,71.83,services,0.642,0,0
TXN-00000377,2025-12-28,mass,wire,162.34,travel,0.355,0,0
TXN-00000378,2025-04-12,mass,wire,8.03,grocery,0.426,0,0
TXN-00000379,2026-02-15,private,mobile,67.28,travel,0.215,0,0
TXN-00000380,2026-02-05,small_business,atm,29.8,travel,0.057,0,0
TXN-00000381,2025-04-18,mass,card_present,85.51,cash,0.28,0,0
TXN-00000382,2025-06-30,mass,card_not_present,113.59,grocery,0.408,0,0
TXN-00000383,2025-09-12,mass,card_present,21.76,crypto,0.166,0,0
TXN-00000384,2025-06-16,private,card_present,143.44,grocery,0.09,0,0
TXN-00000385,2025-02-02,affluent,card_present,189.25,grocery,0,0,0
TXN-00000386,2025-05-06,small_business,mobile,17.43,grocery,0.225,0,0
TXN-00000387,2025-09-14,mass,mobile,19.33,services,0.372,0,0
TXN-00000388,2025-06-17,small_business,card_present,259.08,services,0.301,0,0
TXN-00000389,2025-08-07,private,card_not_present,15.67,travel,0.622,0,0
TXN-00000390,2025-12-13,small_business,card_not_present,205.36,travel,0.607,1,1
TXN-00000391,2025-04-30,private,wire,24.74,travel,0.368,0,0
TXN-00000392,2025-12-16,small_business,mobile,97.21,services,0.181,0,0
TXN-00000393,2025-09-03,small_business,card_not_present,138.26,travel,0.463,0,0
TXN-00000394,2026-01-25,affluent,wire,114.68,services,0.607,0,0
TXN-00000395,2025-07-25,private,atm,166.71,crypto,0.018,0,0
TXN-00000396,2025-11-24,affluent,card_present,329.37,crypto,0.419,0,0
TXN-00000397,2025-04-24,small_business,atm,35.65,crypto,0.008,0,0
TXN-00000398,2025-07-25,affluent,wire,257.58,grocery,0.647,0,0
TXN-00000399,2026-02-18,affluent,atm,215.01,services,0.017,0,0
TXN-00000400,2025-05-16,small_business,mobile,188.53,services,0.248,0,0
TXN-00000401,2025-05-23,small_business,mobile,50.31,grocery,0,0,0
TXN-00000402,2025-06-16,small_business,wire,23.64,cash,0.43,0,0
TXN-00000403,2025-10-03,private,card_present,13.61,travel,0.144,0,0
TXN-00000404,2025-11-30,small_business,mobile,539.65,grocery,0.053,0,0
TXN-00000405,2025-11-27,private,card_not_present,233.38,electronics,0.348,0,0
TXN-00000406,2025-05-19,mass,card_present,81.27,services,0.222,0,0
TXN-00000407,2025-10-22,small_business,wire,96.28,travel,0.508,0,0
TXN-00000408,2025-07-01,private,card_not_present,40.25,cash,0.58,0,0
TXN-00000409,2025-08-17,mass,mobile,14.87,electronics,0.31,0,0
TXN-00000410,2025-06-24,private,card_not_present,561.34,services,0.314,0,0
TXN-00000411,2025-03-16,mass,atm,11.6,cash,0.274,0,0
TXN-00000412,2025-10-24,mass,card_not_present,138.51,travel,0.594,0,0
TXN-00000413,2025-02-02,small_business,mobile,13.23,grocery,0,0,0
TXN-00000414,2025-08-17,mass,atm,133.63,grocery,0.253,0,1
TXN-00000415,2026-01-23,small_business,card_not_present,53.0,grocery,0.515,0,0
TXN-00000416,2025-08-17,affluent,wire,152.42,cash,0.309,0,0
TXN-00000417,2025-07-17,small_business,mobile,48.63,crypto,0.23,0,0
TXN-00000418,2026-02-12,small_business,mobile,201.6,travel,0.554,0,0
TXN-00000419,2025-08-21,affluent,mobile,90.85,cash,0.299,0,0
TXN-00000420,2025-09-14,mass,card_not_present,80.51,crypto,0.309,0,0
TXN-00000421,2025-08-08,mass,card_not_present,23.17,electronics,0.426,0,0
TXN-00000422,2025-04-25,affluent,mobile,161.29,crypto,0.091,0,0
TXN-00000423,2025-04-27,private,card_present,59.41,services,0.007,0,0
TXN-00000424,2025-04-15,private,card_present,122.44,cash,0.348,0,0
TXN-00000425,2026-02-13,small_business,wire,409.7,grocery,0.513,0,0
TXN-00000426,2025-11-17,affluent,atm,94.38,cash,0.283,0,0
TXN-00000427,2025-01-23,affluent,wire,42.46,travel,0.315,0,0
TXN-00000428,2025-06-10,small_business,card_not_present,325.08,services,0.695,0,0
TXN-00000429,2026-01-06,affluent,mobile,289.32,crypto,0.199,0,0
TXN-00000430,2025-02-11,small_business,atm,364.96,services,0.055,0,0
TXN-00000431,2025-11-22,affluent,atm,24.24,crypto,0.225,0,0
TXN-00000432,2025-11-07,private,atm,429.67,travel,0.109,0,0
TXN-00000433,2025-03-15,small_business,card_not_present,375.59,services,0.387,0,0
TXN-00000434,2025-05-03,small_business,card_present,305.99,services,0.503,0,0
TXN-00000435,2025-08-13,affluent,wire,392.57,electronics,0.565,0,0
TXN-00000436,2025-01-03,private,card_present,251.16,electronics,0.137,0,0
TXN-00000437,2025-12-29,small_business,card_present,33.88,electronics,0.426,0,0
TXN-00000438,2025-04-26,mass,card_present,31.89,crypto,0.284,0,0
TXN-00000439,2025-10-21,mass,wire,226.73,grocery,0.284,0,0
TXN-00000440,2025-02-23,private,card_not_present,227.05,grocery,0.517,0,0
TXN-00000441,2025-04-01,private,wire,93.22,crypto,0.51,0,0
TXN-00000442,2025-01-11,affluent,card_not_present,657.24,services,0.452,0,1
TXN-00000443,2025-04-16,mass,wire,78.64,crypto,0.785,0,0
TXN-00000444,2025-12-21,small_business,atm,48.81,travel,0.266,0,0
TXN-00000445,2025-11-18,affluent,atm,224.9,cash,0.163,0,0
TXN-00000446,2025-09-14,mass,card_not_present,70.54,travel,0.403,0,0
TXN-00000447,2025-01-11,private,card_present,151.81,grocery,0.185,0,0
TXN-00000448,2025-11-08,small_business,mobile,90.8,grocery,0.347,0,0
TXN-00000449,2025-03-13,affluent,card_not_present,340.45,services,0.227,0,0
TXN-00000450,2025-08-10,affluent,mobile,53.07,services,0.229,0,0
TXN-00000451,2025-02-25,mass,card_present,315.91,travel,0.308,0,0
TXN-00000452,2025-02-23,mass,card_present,343.49,cash,0.104,0,0
TXN-00000453,2025-07-21,affluent,card_present,6.31,crypto,0.34,0,0
TXN-00000454,2025-03-03,private,wire,85.63,cash,0.265,0,0
TXN-00000455,2025-09-20,affluent,card_not_present,91.46,electronics,0.315,0,0
TXN-00000456,2025-11-15,small_business,wire,42.32,travel,0.661,0,0
TXN-00000457,2025-12-23,affluent,wire,267.47,grocery,0.487,0,0
TXN-00000458,2025-04-03,small_business,card_not_present,19.53,services,0.357,0,0
TXN-00000459,2026-01-29,mass,mobile,203.76,crypto,0.329,0,0
TXN-00000460,2025-05-23,private,card_present,22.62,travel,0.23,0,0
TXN-00000461,2025-02-13,private,mobile,77.83,cash,0.355,0,0
TXN-00000462,2026-02-21,private,atm,20.08,electronics,0.212,0,0
TXN-00000463,2026-02-20,mass,card_not_present,85.55,grocery,0.251,0,0
TXN-00000464,2025-04-29,affluent,card_present,197.44,travel,0.162,0,0
TXN-00000465,2025-06-01,small_business,atm,34.35,cash,0.341,0,0
TXN-00000466,2025-07-10,small_business,card_not_present,70.74,services,0.321,0,0
TXN-00000467,2025-03-19,affluent,card_not_present,149.84,crypto,0.177,0,0
TXN-00000468,2026-02-17,mass,mobile,122.91,cash,0.263,0,0
TXN-00000469,2025-02-19,private,card_present,242.46,services,0.419,0,0
TXN-00000470,2025-05-05,affluent,atm,112.32,travel,0.193,0,0
TXN-00000471,2025-07-20,private,card_not_present,6.59,services,0.442,0,0
TXN-00000472,2025-05-29,private,mobile,174.35,services,0.135,0,0
TXN-00000473,2025-05-16,mass,card_present,264.74,travel,0.455,0,0
TXN-00000474,2025-05-11,private,atm,24.94,crypto,0.413,0,0
TXN-00000475,2025-11-28,private,card_not_present,55.03,cash,0.327,0,0
TXN-00000476,2026-01-25,affluent,card_present,113.76,crypto,0.256,0,0
TXN-00000477,2025-04-16,private,atm,76.32,electronics,0,0,0
TXN-00000478,2025-01-01,private,atm,191.41,electronics,0.287,0,0
TXN-00000479,2025-10-24,small_business,mobile,46.12,electronics,0.652,0,0
TXN-00000480,2025-06-02,mass,card_not_present,74.21,grocery,0.305,0,0
TXN-00000481,2025-12-17,affluent,atm,11.89,grocery,0.098,1,1
TXN-00000482,2025-10-12,small_business,wire,15.1,crypto,0.319,0,0
TXN-00000483,2025-08-30,mass,wire,85.46,travel,0.593,0,0
TXN-00000484,2025-05-22,mass,mobile,63.34,grocery,0.146,0,1
TXN-00000485,2025-11-08,small_business,card_present,117.16,cash,0,0,0
TXN-00000486,2025-05-11,affluent,card_present,19.66,crypto,0.282,0,0
TXN-00000487,2025-06-02,affluent,card_not_present,302.44,cash,0.443,0,0
TXN-00000488,2025-10-19,mass,card_not_present,84.23,travel,0.601,0,0
TXN-00000489,2025-04-02,mass,wire,7.6,grocery,0.554,0,1
TXN-00000490,2025-12-30,mass,atm,239.47,services,0.312,0,0
TXN-00000491,2025-09-09,mass,mobile,163.88,electronics,0.109,0,0
TXN-00000492,2026-01-16,small_business,card_present,202.54,travel,0.403,1,1
TXN-00000493,2025-01-27,affluent,atm,4.9,travel,0.002,0,0
TXN-00000494,2025-05-04,affluent,mobile,39.0,crypto,0.082,0,0
TXN-00000495,2025-04-04,small_business,card_not_present,372.46,services,0.465,0,0
TXN-00000496,2025-07-30,private,mobile,133.02,crypto,0.229,0,0
TXN-00000497,2025-08-19,mass,wire,266.78,grocery,0.535,0,0
TXN-00000498,2025-05-23,small_business,mobile,98.37,cash,0.464,0,0
TXN-00000499,2025-04-08,mass,mobile,52.8,electronics,0.339,0,0
TXN-00000500,2026-02-02,mass,atm,116.88,services,0.571,0,0
TXN-00000501,2025-05-10,private,wire,63.33,cash,0.473,0,0
TXN-00000502,2025-10-25,private,card_not_present,97.13,cash,0.595,0,0
TXN-00000503,2025-08-17,private,card_not_present,114.32,crypto,0.276,0,0
TXN-00000504,2025-12-02,mass,card_not_present,117.22,services,0.749,0,0
TXN-00000505,2025-07-27,small_business,wire,16.39,cash,0.474,0,0
TXN-00000506,2026-01-22,affluent,wire,81.74,electronics,0,0,0
TXN-00000507,2025-01-21,affluent,card_not_present,49.66,electronics,0.252,0,0
TXN-00000508,2025-07-22,private,card_present,198.14,crypto,0.349,0,0
TXN-00000509,2025-09-15,small_business,mobile,149.85,crypto,0.255,0,0
TXN-00000510,2025-06-24,private,card_present,77.04,grocery,0.412,0,0
TXN-00000511,2025-04-06,small_business,card_present,117.05,travel,0.666,0,0
TXN-00000512,2025-01-21,affluent,mobile,155.28,services,0.178,0,0
TXN-00000513,2025-09-09,private,mobile,123.97,crypto,0.102,0,0
TXN-00000514,2025-06-17,mass,card_present,46.38,services,0.395,0,0
TXN-00000515,2025-01-09,small_business,mobile,270.02,services,0.255,0,0
TXN-00000516,2025-04-03,affluent,atm,55.46,grocery,0.246,1,1
TXN-00000517,2025-03-10,private,atm,55.33,travel,0.179,0,0
TXN-00000518,2025-12-19,small_business,mobile,21.27,crypto,0.362,0,0
TXN-00000519,2025-11-05,mass,atm,13.28,electronics,0.408,0,0
TXN-00000520,2025-09-04,small_business,card_not_present,124.13,services,0.473,0,0
TXN-00000521,2025-12-04,affluent,wire,81.73,electronics,0.287,0,0
TXN-00000522,2025-03-17,mass,card_present,53.4,grocery,0.125,0,0
TXN-00000523,2025-04-16,small_business,card_present,630.18,grocery,0.2,0,0
TXN-00000524,2025-10-10,affluent,card_present,78.49,crypto,0.393,0,0
TXN-00000525,2025-05-11,mass,wire,177.18,travel,0.69,0,0
TXN-00000526,2026-01-25,small_business,atm,199.56,electronics,0.33,0,0
TXN-00000527,2025-05-28,mass,mobile,8.92,travel,0.402,0,0
TXN-00000528,2025-10-23,mass,mobile,145.82,cash,0.524,0,0
TXN-00000529,2025-03-30,affluent,mobile,76.95,services,0.222,0,0
TXN-00000530,2025-02-09,private,atm,135.46,cash,0.167,0,0
TXN-00000531,2025-09-23,mass,wire,137.76,cash,0.641,0,0
TXN-00000532,2025-05-24,private,atm,116.25,electronics,0,0,0
TXN-00000533,2025-10-02,mass,atm,41.44,services,0.138,0,0
TXN-00000534,2025-12-10,small_business,wire,128.34,travel,0.493,0,0
TXN-00000535,2025-05-03,affluent,mobile,56.36,grocery,0.287,0,0
TXN-00000536,2025-03-01,private,mobile,111.96,travel,0.326,0,0
TXN-00000537,2025-05-22,small_business,wire,25.67,cash,0.647,0,0
TXN-00000538,2025-11-20,private,mobile,138.75,grocery,0.066,0,0
TXN-00000539,2026-01-05,small_business,card_present,44.49,cash,0.358,0,0
TXN-00000540,2026-01-14,affluent,mobile,386.08,travel,0.196,0,0
TXN-00000541,2025-04-03,small_business,card_present,253.45,grocery,0.118,0,0
TXN-00000542,2025-12-12,mass,card_present,243.39,travel,0.028,0,0
TXN-00000543,2025-12-31,private,card_not_present,54.36,grocery,0.618,1,1
TXN-00000544,2025-10-24,private,card_not_present,55.63,crypto,0.428,0,0
TXN-00000545,2025-12-05,small_business,card_not_present,175.38,electronics,0.449,0,0
TXN-00000546,2025-09-24,small_business,card_not_present,6.7,grocery,0.909,0,0
TXN-00000547,2025-09-18,affluent,card_not_present,87.5,electronics,0.609,0,0
TXN-00000548,2025-07-05,affluent,mobile,374.31,cash,0,0,0
TXN-00000549,2026-02-10,mass,card_present,130.04,cash,0,0,0
TXN-00000550,2025-03-02,mass,card_not_present,260.3,cash,0.332,0,0
TXN-00000551,2025-07-04,private,card_present,131.21,cash,0.477,0,0
TXN-00000552,2025-11-07,mass,atm,34.61,electronics,0.253,0,0
TXN-00000553,2025-06-07,affluent,atm,400.09,cash,0.509,0,0
TXN-00000554,2025-04-16,affluent,mobile,48.42,travel,0.345,0,0
TXN-00000555,2025-12-12,private,atm,266.8,travel,0.693,0,0
TXN-00000556,2025-05-28,small_business,mobile,27.45,cash,0.091,0,0
TXN-00000557,2026-01-04,affluent,card_not_present,86.95,electronics,0.687,0,0
TXN-00000558,2025-06-24,affluent,card_not_present,391.84,grocery,0.488,0,0
TXN-00000559,2025-03-07,mass,card_not_present,275.87,cash,0.614,0,0
TXN-00000560,2026-02-02,private,atm,86.79,grocery,0.399,0,0
TXN-00000561,2025-08-29,small_business,mobile,95.77,grocery,0.215,0,0
TXN-00000562,2025-12-18,private,card_present,19.4,services,0.213,0,0
TXN-00000563,2025-02-03,mass,card_not_present,591.88,travel,0.634,0,0
TXN-00000564,2025-01-29,small_business,card_not_present,1460.85,cash,0.517,0,0
TXN-00000565,2025-09-30,affluent,card_not_present,35.11,crypto,0.66,0,0
TXN-00000566,2025-12-08,small_business,mobile,40.03,travel,0.162,0,0
TXN-00000567,2025-09-27,small_business,card_present,401.51,crypto,0.336,0,0
TXN-00000568,2025-07-28,affluent,card_present,96.3,services,0.473,0,0
TXN-00000569,2025-08-01,mass,atm,33.88,cash,0.505,0,0
TXN-00000570,2026-01-09,private,card_not_present,135.72,cash,0.307,0,0
TXN-00000571,2025-12-23,mass,atm,196.08,grocery,0.164,0,0
TXN-00000572,2025-05-29,small_business,card_present,40.22,travel,0.196,0,0
TXN-00000573,2025-08-04,small_business,card_present,96.69,services,0.421,0,0
TXN-00000574,2025-07-14,affluent,card_present,519.42,services,0.207,0,0
TXN-00000575,2025-05-18,private,card_not_present,11.98,services,0.06,0,0
TXN-00000576,2025-02-02,mass,atm,54.93,services,0.274,0,0
TXN-00000577,2025-03-28,affluent,mobile,34.11,electronics,0.396,0,0
TXN-00000578,2025-01-27,affluent,card_not_present,164.59,electronics,0.49,0,0
TXN-00000579,2025-12-20,small_business,wire,97.2,electronics,0.916,0,0
TXN-00000580,2025-10-10,private,wire,33.45,electronics,0.386,0,0
TXN-00000581,2025-04-02,small_business,atm,36.1,cash,0,0,0
TXN-00000582,2025-01-03,mass,card_not_present,78.18,services,0.543,0,0
TXN-00000583,2025-11-16,private,card_present,109.59,electronics,0.431,0,0
TXN-00000584,2025-12-28,affluent,atm,248.86,grocery,0.44,0,0
TXN-00000585,2025-10-24,mass,wire,138.11,crypto,0.882,0,0
TXN-00000586,2025-07-26,small_business,atm,45.24,cash,0.519,0,0
TXN-00000587,2025-10-17,affluent,atm,62.97,crypto,0.065,0,0
TXN-00000588,2025-06-26,affluent,card_present,177.32,services,0.016,0,0
TXN-00000589,2025-06-21,private,card_not_present,222.42,grocery,0.498,0,0
TXN-00000590,2026-01-09,mass,atm,216.12,services,0.391,0,0
TXN-00000591,2025-04-07,mass,card_not_present,80.16,cash,0.51,0,0
TXN-00000592,2025-08-26,mass,wire,107.58,travel,0.489,0,0
TXN-00000593,2025-02-22,affluent,card_present,10.67,services,0.379,0,0
TXN-00000594,2025-04-21,affluent,card_not_present,100.79,cash,0.623,0,0
TXN-00000595,2025-04-20,mass,mobile,37.5,travel,0.022,0,0
TXN-00000596,2025-01-01,small_business,wire,34.22,cash,0.381,0,0
TXN-00000597,2025-05-16,small_business,card_not_present,33.53,services,0.745,0,0
TXN-00000598,2025-06-24,private,card_present,29.16,grocery,0.219,0,0
TXN-00000599,2025-11-18,mass,mobile,80.3,crypto,0.058,0,0
TXN-00000600,2025-06-08,mass,card_present,225.32,electronics,0.47,1,1
TXN-00000601,2025-02-08,small_business,wire,151.78,grocery,0.375,0,0
TXN-00000602,2025-11-06,affluent,card_not_present,165.68,electronics,0.637,0,0
TXN-00000603,2025-12-05,affluent,wire,62.9,services,0.199,0,0
TXN-00000604,2025-10-26,mass,card_not_present,120.64,travel,0.624,0,0
TXN-00000605,2025-06-26,small_business,mobile,101.17,services,0.419,0,0
TXN-00000606,2025-07-16,mass,card_present,17.46,crypto,0.279,0,0
TXN-00000607,2025-05-11,private,card_present,18.89,crypto,0.255,0,0
TXN-00000608,2025-12-19,affluent,mobile,12.86,crypto,0,0,0
TXN-00000609,2025-11-12,mass,mobile,166.99,grocery,0.429,0,0
TXN-00000610,2025-07-16,mass,mobile,406.65,cash,0.424,0,0
TXN-00000611,2026-01-18,affluent,wire,100.74,travel,0.242,1,1
TXN-00000612,2025-01-07,small_business,card_not_present,41.01,travel,0.54,0,0
TXN-00000613,2025-09-15,mass,wire,29.01,services,0.498,0,0
TXN-00000614,2025-09-25,private,wire,96.9,services,0.61,1,1
TXN-00000615,2025-10-12,affluent,card_present,115.02,cash,0.251,0,0
TXN-00000616,2026-02-02,private,card_not_present,45.22,services,0.548,0,0
TXN-00000617,2025-03-19,private,atm,23.38,services,0.414,0,0
TXN-00000618,2025-10-02,mass,card_present,15.92,travel,0.303,0,0
TXN-00000619,2025-09-11,affluent,atm,236.95,crypto,0.097,0,0
TXN-00000620,2025-11-27,small_business,mobile,36.85,grocery,0.356,0,0
TXN-00000621,2025-05-04,small_business,atm,31.46,grocery,0.578,0,0
TXN-00000622,2025-02-16,small_business,wire,102.57,cash,0.317,0,0
TXN-00000623,2025-08-25,private,atm,77.9,services,0.244,0,0
TXN-00000624,2025-01-14,affluent,wire,71.11,grocery,0.905,0,0
TXN-00000625,2026-01-08,affluent,mobile,287.48,electronics,0.125,0,0
TXN-00000626,2025-07-19,affluent,atm,15.75,electronics,0.134,0,0
TXN-00000627,2025-03-03,affluent,wire,56.65,electronics,0,0,0
TXN-00000628,2025-11-04,small_business,wire,242.26,crypto,0.445,0,0
TXN-00000629,2025-09-15,small_business,card_not_present,88.95,crypto,0.43,0,0
TXN-00000630,2026-01-14,small_business,mobile,82.12,cash,0.013,0,0
TXN-00000631,2025-06-28,affluent,wire,273.66,grocery,0.501,0,0
TXN-00000632,2025-01-19,private,card_not_present,59.01,cash,0.511,0,0
TXN-00000633,2025-12-31,small_business,card_not_present,81.8,travel,0.568,0,0
TXN-00000634,2025-02-08,affluent,atm,48.05,services,0.404,1,1
TXN-00000635,2025-02-03,affluent,card_not_present,37.48,services,0.266,0,0
TXN-00000636,2025-06-03,private,mobile,136.36,crypto,0.07,0,0
TXN-00000637,2025-07-29,affluent,mobile,55.06,electronics,0.185,0,0
TXN-00000638,2025-09-09,affluent,card_not_present,93.45,crypto,0.225,0,0
TXN-00000639,2025-07-16,affluent,card_present,11.31,electronics,0.519,0,0
TXN-00000640,2025-09-14,affluent,mobile,51.29,electronics,0.306,0,0
TXN-00000641,2025-03-18,mass,mobile,179.59,crypto,0.321,0,0
TXN-00000642,2025-04-29,affluent,card_present,52.64,travel,0.169,0,0
TXN-00000643,2025-10-29,small_business,wire,211.78,electronics,0.437,0,0
TXN-00000644,2025-03-18,private,atm,51.36,crypto,0.293,0,0
TXN-00000645,2025-10-19,small_business,wire,12.09,grocery,0.44,0,0
TXN-00000646,2025-10-21,affluent,mobile,190.83,services,0.31,0,0
TXN-00000647,2025-01-31,affluent,atm,24.79,electronics,0.531,0,0
TXN-00000648,2025-10-04,private,atm,72.6,services,0.253,0,0
TXN-00000649,2025-10-18,small_business,atm,260.06,electronics,0.32,0,0
TXN-00000650,2025-05-17,private,wire,81.57,electronics,0.645,0,0
TXN-00000651,2025-06-13,small_business,card_present,8.75,electronics,0.237,0,0
TXN-00000652,2025-08-01,small_business,card_not_present,142.81,cash,0.335,0,0
TXN-00000653,2025-12-31,small_business,mobile,29.88,grocery,0.196,0,0
TXN-00000654,2025-06-06,affluent,card_not_present,18.91,services,0.192,0,0
TXN-00000655,2025-03-20,affluent,wire,104.26,crypto,0.501,0,0
TXN-00000656,2025-02-07,small_business,mobile,229.64,crypto,0.38,0,0
TXN-00000657,2025-12-14,private,card_not_present,61.87,crypto,0.394,0,0
TXN-00000658,2026-01-01,small_business,card_present,128.62,crypto,0.299,0,0
TXN-00000659,2025-07-22,affluent,mobile,47.39,travel,0.342,0,0
TXN-00000660,2025-06-17,private,mobile,33.22,electronics,0.114,0,0
TXN-00000661,2025-05-10,mass,card_not_present,71.57,electronics,0.307,0,0
TXN-00000662,2025-04-18,affluent,card_present,63.55,cash,0.257,0,0
TXN-00000663,2025-10-10,affluent,wire,31.71,travel,0.517,0,0
TXN-00000664,2025-06-08,private,card_present,165.15,cash,0.191,0,0
TXN-00000665,2026-02-03,private,card_not_present,182.83,electronics,0.536,0,1
TXN-00000666,2025-02-17,small_business,card_not_present,160.11,electronics,0.712,0,0
TXN-00000667,2025-02-01,mass,card_not_present,23.75,electronics,0.683,0,0
TXN-00000668,2025-04-03,small_business,card_present,43.18,services,0.282,0,0
TXN-00000669,2026-01-09,small_business,atm,558.59,services,0.51,0,0
TXN-00000670,2025-11-17,private,atm,130.17,travel,0.409,0,0
TXN-00000671,2025-06-01,mass,atm,169.66,electronics,0.106,0,0
TXN-00000672,2025-05-17,private,card_present,124.24,cash,0.35,0,0
TXN-00000673,2025-04-19,mass,wire,48.57,crypto,0.44,0,0
TXN-00000674,2025-10-29,private,card_not_present,49.16,cash,0.384,0,0
TXN-00000675,2025-04-17,small_business,mobile,218.24,grocery,0.484,0,0
TXN-00000676,2025-06-09,mass,card_not_present,697.02,services,0.6,0,0
TXN-00000677,2025-08-25,small_business,atm,78.33,travel,0.183,0,0
TXN-00000678,2025-01-05,private,atm,180.89,grocery,0.091,0,0
TXN-00000679,2025-12-13,affluent,card_not_present,86.44,travel,0.621,0,0
TXN-00000680,2025-01-21,small_business,wire,22.52,cash,0.749,0,0
TXN-00000681,2025-02-27,private,card_not_present,87.37,crypto,0.331,0,0
TXN-00000682,2025-02-01,affluent,card_not_present,142.34,cash,0.23,0,0
TXN-00000683,2025-10-11,private,atm,706.21,electronics,0.38,0,0
TXN-00000684,2026-02-11,private,atm,13.13,travel,0.582,0,0
TXN-00000685,2025-04-17,affluent,atm,34.49,grocery,0.467,0,0
TXN-00000686,2025-12-06,affluent,mobile,132.16,crypto,0.187,0,0
TXN-00000687,2025-06-25,mass,wire,404.05,travel,0.653,0,0
TXN-00000688,2025-05-06,affluent,card_not_present,101.8,electronics,0.429,0,0
TXN-00000689,2025-10-12,private,atm,31.6,electronics,0.192,0,0
TXN-00000690,2026-02-06,small_business,card_present,53.42,electronics,0.629,0,0
TXN-00000691,2025-02-10,mass,wire,95.72,services,0.293,0,0
TXN-00000692,2025-11-10,mass,card_present,72.29,cash,0.271,0,0
TXN-00000693,2025-07-10,affluent,mobile,61.46,services,0.072,0,0
TXN-00000694,2025-03-24,affluent,card_not_present,194.62,cash,0.546,0,0
TXN-00000695,2025-03-15,small_business,atm,69.81,crypto,0.155,0,0
TXN-00000696,2025-09-16,private,card_not_present,67.05,services,0.39,0,0
TXN-00000697,2025-09-18,small_business,card_not_present,272.31,cash,0.323,0,0
TXN-00000698,2025-10-18,private,card_present,101.72,electronics,0.282,0,0
TXN-00000699,2025-12-10,small_business,wire,39.58,crypto,0.258,0,0
TXN-00000700,2025-06-17,small_business,mobile,54.96,cash,0.43,0,0
TXN-00000701,2025-11-06,small_business,wire,56.04,crypto,0.696,0,0
TXN-00000702,2026-02-23,small_business,mobile,22.51,grocery,0.181,0,0
TXN-00000703,2025-11-18,private,atm,26.37,grocery,0.29,0,0
TXN-00000704,2025-06-05,mass,card_not_present,159.84,services,0.7,0,0
TXN-00000705,2026-01-17,private,atm,110.66,crypto,0,0,0
TXN-00000706,2025-10-03,affluent,card_not_present,327.48,electronics,0.427,0,0
TXN-00000707,2025-06-26,affluent,card_not_present,70.13,crypto,0.685,0,0
TXN-00000708,2025-03-02,mass,card_present,37.31,grocery,0.347,0,0
TXN-00000709,2025-09-24,private,card_present,67.04,services,0,0,0
TXN-00000710,2025-05-30,small_business,card_not_present,146.96,cash,0.507,0,0
TXN-00000711,2025-02-04,private,atm,74.53,travel,0.004,0,0
TXN-00000712,2026-02-15,affluent,atm,62.76,travel,0.022,0,0
TXN-00000713,2025-06-15,small_business,card_not_present,58.0,cash,0.556,0,0
TXN-00000714,2025-08-01,mass,card_not_present,69.97,cash,0.201,0,0
TXN-00000715,2025-07-04,mass,card_not_present,1172.05,cash,0.631,0,0
TXN-00000716,2025-01-15,affluent,atm,28.75,electronics,0.45,0,0
TXN-00000717,2025-12-26,small_business,mobile,38.31,cash,0.051,0,0
TXN-00000718,2025-03-06,mass,card_not_present,17.6,cash,0.697,0,0
TXN-00000719,2025-05-21,mass,card_not_present,139.9,cash,0.602,0,0
TXN-00000720,2025-11-04,private,mobile,22.03,crypto,0,0,0
TXN-00000721,2026-02-16,mass,mobile,190.95,cash,0.018,0,0
TXN-00000722,2025-11-07,mass,atm,28.89,cash,0.129,0,0
TXN-00000723,2025-11-13,mass,wire,164.18,crypto,0.525,0,0
TXN-00000724,2026-01-18,small_business,card_present,352.39,crypto,0.006,0,0
TXN-00000725,2025-10-13,mass,card_present,66.02,travel,0.203,0,0
TXN-00000726,2025-12-13,small_business,atm,88.86,crypto,0.296,0,0
TXN-00000727,2025-10-05,small_business,atm,368.8,services,0.182,0,0
TXN-00000728,2025-01-06,small_business,atm,143.82,cash,0.597,0,0
TXN-00000729,2026-02-06,mass,mobile,743.85,services,0.443,0,0
TXN-00000730,2025-06-21,mass,mobile,48.34,crypto,0.465,0,0
TXN-00000731,2025-02-25,private,wire,50.12,services,0.299,0,0
TXN-00000732,2025-03-11,mass,card_not_present,59.52,grocery,0.105,0,0
TXN-00000733,2026-02-20,mass,wire,59.95,electronics,0.397,0,0
TXN-00000734,2025-07-18,affluent,mobile,62.39,grocery,0.244,0,0
TXN-00000735,2026-01-28,affluent,card_not_present,57.14,cash,0.528,0,0
TXN-00000736,2025-10-14,private,mobile,82.12,travel,0.222,0,0
TXN-00000737,2025-06-26,small_business,card_not_present,418.2,services,0.524,0,0
TXN-00000738,2025-02-08,affluent,card_not_present,83.98,cash,0.313,0,0
TXN-00000739,2026-01-03,small_business,card_not_present,136.52,cash,0.196,0,1
TXN-00000740,2025-11-24,affluent,mobile,41.46,services,0.101,0,0
TXN-00000741,2025-04-21,affluent,card_not_present,18.4,cash,0.318,0,0
TXN-00000742,2026-01-31,private,card_present,91.55,crypto,0.302,0,0
TXN-00000743,2025-06-07,mass,wire,12.2,travel,0.437,0,0
TXN-00000744,2025-04-17,private,wire,14.65,services,0.542,1,1
TXN-00000745,2025-07-24,affluent,wire,33.52,services,0.361,0,0
TXN-00000746,2025-01-19,mass,atm,28.52,crypto,0.04,0,0
TXN-00000747,2025-02-26,mass,mobile,39.49,services,0.292,0,0
TXN-00000748,2025-12-23,affluent,atm,19.31,cash,0,0,0
TXN-00000749,2025-02-22,small_business,card_present,46.87,travel,0.119,0,0
TXN-00000750,2025-07-21,mass,card_present,334.33,services,0.399,0,0
TXN-00000751,2025-11-19,private,card_present,370.07,cash,0.386,0,0
TXN-00000752,2025-09-28,affluent,card_present,19.35,crypto,0.041,0,0
TXN-00000753,2025-10-11,private,card_not_present,96.15,travel,0.586,0,0
TXN-00000754,2025-05-12,small_business,card_present,50.75,electronics,0,0,0
TXN-00000755,2026-02-17,affluent,wire,60.26,travel,0.424,0,0
TXN-00000756,2025-04-22,affluent,mobile,410.51,travel,0.168,0,0
TXN-00000757,2025-09-09,mass,card_not_present,12.57,grocery,0.546,0,1
TXN-00000758,2025-02-10,private,wire,62.13,grocery,0.47,0,0
TXN-00000759,2025-12-04,small_business,card_present,43.02,services,0.09,0,0
TXN-00000760,2025-03-20,private,wire,98.15,services,0.501,0,0
