candidate_id,applied_date,role_family,source,stage,days_in_stage,interview_score,offer_extended,offer_accepted,salary_expectation
CAND-000001,2025-09-19,operations,campus,offer,2,3.1,0,0,153723
CAND-000002,2025-08-26,sales,agency,applied,5,4.5,0,0,213536
CAND-000003,2026-02-14,engineering,campus,applied,15,2.7,0,0,102030
CAND-000004,2025-02-02,data,campus,hired,16,2.7,0,0,140595
CAND-000005,2025-10-06,operations,agency,screen,9,4.1,0,0,186349
CAND-000006,2025-03-11,operations,job_board,hired,7,3.4,1,1,192062
CAND-000007,2025-03-25,sales,referral,rejected,8,2.0,0,0,183257
CAND-000008,2025-01-03,engineering,linkedin,offer,15,3.8,1,1,146671
CAND-000009,2025-04-29,product,agency,hired,8,4.0,1,1,161965
CAND-000010,2025-06-06,operations,campus,applied,11,3.0,0,0,130316
CAND-000011,2026-01-19,operations,job_board,applied,2,3.1,0,0,126893
CAND-000012,2026-01-30,operations,referral,applied,13,4.7,0,0,144070
CAND-000013,2026-02-09,product,referral,applied,4,4.0,0,0,121495
CAND-000014,2025-11-29,data,linkedin,offer,10,2.8,0,0,165392
CAND-000015,2025-05-31,data,campus,onsite,8,3.8,0,0,159100
CAND-000016,2025-05-26,data,agency,hired,7,5,1,1,145851
CAND-000017,2026-01-12,sales,linkedin,applied,9,2.1,0,0,110787
CAND-000018,2025-12-09,data,campus,onsite,10,3.0,0,0,172065
CAND-000019,2025-03-09,product,campus,hired,6,2.1,0,0,124527
CAND-000020,2026-02-01,sales,linkedin,rejected,1,3.3,0,0,109166
CAND-000021,2026-01-09,data,campus,screen,14,3.5,0,0,187560
CAND-000022,2025-03-07,engineering,agency,hired,15,5,0,0,133844
CAND-000023,2025-10-13,operations,linkedin,onsite,24,2.2,0,0,148173
CAND-000024,2025-09-24,sales,agency,applied,8,2.7,0,0,227452
CAND-000025,2025-11-29,data,agency,offer,9,5,1,0,158086
CAND-000026,2025-07-13,sales,campus,rejected,7,2.4,0,0,138115
CAND-000027,2025-09-20,operations,referral,onsite,16,4.4,0,0,182569
CAND-000028,2025-01-03,data,agency,applied,2,3.5,0,0,170817
CAND-000029,2026-01-28,product,agency,applied,4,4.4,0,0,151161
CAND-000030,2026-02-23,data,campus,onsite,21,5,0,0,186776
CAND-000031,2026-02-02,product,campus,rejected,3,2.2,0,0,223169
CAND-000032,2025-04-25,product,campus,applied,3,2.2,0,0,131720
CAND-000033,2025-08-25,sales,referral,applied,9,3.5,0,0,114344
CAND-000034,2025-10-02,sales,campus,hired,7,4.5,0,0,138662
CAND-000035,2025-07-06,sales,linkedin,offer,1,3.4,0,0,104866
CAND-000036,2025-06-06,engineering,job_board,onsite,21,1.5,0,0,165532
CAND-000037,2025-03-26,data,referral,onsite,5,3.0,0,0,124155
CAND-000038,2025-05-11,sales,referral,screen,14,1.7,0,0,116816
CAND-000039,2025-01-16,engineering,referral,onsite,13,4.2,0,0,90637
CAND-000040,2025-06-24,data,job_board,hired,8,,0,0,129657
CAND-000041,2025-07-29,sales,job_board,screen,1,3.7,0,0,90550
CAND-000042,2025-09-09,product,job_board,screen,9,,0,0,178978
CAND-000043,2025-04-04,engineering,linkedin,offer,1,4.1,1,1,187713
CAND-000044,2025-01-19,operations,referral,screen,6,3.9,0,0,121264
CAND-000045,2025-10-20,engineering,agency,screen,12,3.4,0,0,200985
CAND-000046,2026-01-13,operations,agency,rejected,5,5.0,0,0,48451
CAND-000047,2026-01-19,engineering,referral,offer,1,2.9,0,0,170578
CAND-000048,2025-06-18,product,job_board,applied,1,4.9,0,0,132744
CAND-000049,2025-12-27,engineering,linkedin,offer,1,3.5,1,0,127034
CAND-000050,2025-02-12,operations,campus,onsite,13,4.7,0,0,66653
CAND-000051,2025-05-13,product,campus,offer,8,1.2,0,0,201683
CAND-000052,2026-02-17,data,referral,rejected,8,4.4,0,0,129659
CAND-000053,2026-02-18,operations,linkedin,hired,10,3.7,1,1,149694
CAND-000054,2025-01-20,product,job_board,hired,2,,1,1,205089
CAND-000055,2025-04-21,data,campus,screen,1,3.9,0,0,65995
CAND-000056,2026-01-25,data,referral,rejected,10,2.1,0,0,145505
CAND-000057,2025-11-04,operations,agency,onsite,13,4.5,0,0,209344
CAND-000058,2025-01-05,product,linkedin,onsite,8,4.3,0,0,133528
CAND-000059,2025-06-27,operations,job_board,onsite,20,3.4,0,0,141936
CAND-000060,2025-12-01,engineering,job_board,applied,7,3.2,0,0,116877
CAND-000061,2025-12-30,data,referral,offer,9,3.9,0,0,133401
CAND-000062,2025-07-08,sales,referral,screen,2,4.1,0,0,151352
CAND-000063,2025-10-29,sales,job_board,onsite,9,4.6,0,0,143780
CAND-000064,2025-05-28,sales,agency,screen,4,4.5,0,0,146904
CAND-000065,2025-04-28,sales,agency,hired,16,3.0,0,0,139181
CAND-000066,2025-12-10,engineering,referral,screen,8,3.4,0,0,134459
CAND-000067,2025-03-17,product,campus,rejected,1,4.1,0,0,184533
CAND-000068,2025-11-29,engineering,campus,hired,8,5,1,1,74487
CAND-000069,2025-06-11,data,campus,onsite,6,4.1,0,0,217507
CAND-000070,2025-03-08,product,campus,hired,9,2.5,0,0,87072
CAND-000071,2025-03-23,product,job_board,onsite,12,3.2,0,0,173743
CAND-000072,2025-09-22,engineering,agency,rejected,8,4.6,0,0,54903
CAND-000073,2025-04-09,product,referral,onsite,7,2.8,0,0,156647
CAND-000074,2025-09-27,product,job_board,applied,4,4.5,0,0,128744
CAND-000075,2025-03-28,operations,linkedin,hired,19,4.2,1,1,150517
CAND-000076,2025-02-18,engineering,referral,onsite,3,3.2,0,0,129630
CAND-000077,2025-12-15,operations,referral,applied,10,2.4,0,0,143582
CAND-000078,2025-08-19,engineering,referral,applied,8,4.1,0,0,87448
CAND-000079,2025-12-24,operations,referral,rejected,3,2.7,0,0,181926
CAND-000080,2025-07-25,operations,job_board,onsite,13,2.9,0,0,125366
CAND-000081,2025-11-07,operations,campus,applied,1,4.5,0,0,149322
CAND-000082,2025-12-14,sales,job_board,screen,18,4.3,0,0,156858
CAND-000083,2025-08-02,data,job_board,hired,6,4.1,1,1,184704
CAND-000084,2025-05-09,sales,agency,offer,2,3.0,0,0,127183
CAND-000085,2025-01-03,sales,agency,hired,13,4.2,0,0,98869
CAND-000086,2025-08-15,product,linkedin,applied,8,3.4,0,0,130311
CAND-000087,2025-01-31,product,campus,screen,10,4.8,0,0,175763
CAND-000088,2025-01-11,data,agency,onsite,15,2.4,0,0,110865
CAND-000089,2025-03-06,engineering,agency,offer,8,2.9,0,0,205455
CAND-000090,2025-08-03,sales,agency,onsite,10,4.7,0,0,154453
CAND-000091,2025-07-10,product,job_board,applied,8,3.4,0,0,186954
CAND-000092,2026-01-27,sales,job_board,offer,5,2.5,0,0,127669
CAND-000093,2025-05-13,operations,linkedin,offer,11,4.2,1,0,260889
CAND-000094,2025-10-28,data,agency,applied,8,3.6,0,0,79587
CAND-000095,2025-02-09,data,linkedin,applied,17,4.6,0,0,83687
CAND-000096,2025-12-20,product,campus,onsite,23,4.1,0,0,148374
CAND-000097,2025-06-14,product,campus,offer,2,2.9,0,0,139926
CAND-000098,2025-01-29,operations,job_board,hired,1,3.9,1,1,228342
CAND-000099,2025-02-25,operations,linkedin,onsite,12,4.6,0,0,139523
CAND-000100,2025-06-03,product,agency,onsite,14,4.0,0,0,195907
CAND-000101,2025-09-07,sales,job_board,hired,10,2.7,0,0,69444
CAND-000102,2026-01-31,product,campus,onsite,17,3.4,0,0,93301
CAND-000103,2025-05-29,engineering,campus,rejected,6,3.7,0,0,69677
CAND-000104,2025-10-12,operations,linkedin,hired,3,2.3,0,0,138483
CAND-000105,2025-01-22,product,agency,hired,1,2.3,0,0,78966
CAND-000106,2025-01-30,operations,campus,hired,16,3.7,1,1,188466
CAND-000107,2025-03-08,engineering,referral,rejected,9,3.4,0,0,93870
CAND-000108,2025-06-05,engineering,agency,screen,7,3.6,0,0,125434
CAND-000109,2025-07-03,engineering,referral,offer,7,3.6,1,1,148503
CAND-000110,2025-04-17,operations,linkedin,offer,13,3.0,0,0,97648
CAND-000111,2025-08-19,product,referral,offer,10,3.8,0,0,168572
CAND-000112,2025-04-24,data,agency,applied,5,4.7,0,0,156730
CAND-000113,2025-05-24,sales,linkedin,screen,12,3.1,0,0,108123
CAND-000114,2025-04-27,operations,referral,applied,10,2.5,0,0,95152
CAND-000115,2025-08-25,product,referral,onsite,8,4.0,0,0,106129
CAND-000116,2026-02-17,engineering,agency,offer,7,3.6,0,0,145518
CAND-000117,2025-08-11,engineering,linkedin,rejected,12,4.1,0,0,137018
CAND-000118,2025-12-23,product,campus,onsite,14,5,0,0,113641
CAND-000119,2025-07-24,operations,campus,onsite,12,3.1,0,0,138450
CAND-000120,2025-09-27,sales,linkedin,hired,5,4.9,1,0,165671
CAND-000121,2025-05-19,data,campus,screen,7,1.9,0,0,144669
CAND-000122,2025-08-30,operations,job_board,rejected,8,4.6,0,0,130089
CAND-000123,2025-11-14,engineering,job_board,applied,6,4.8,0,0,156815
CAND-000124,2025-07-11,engineering,agency,offer,6,4.0,0,0,94472
CAND-000125,2025-04-03,engineering,campus,onsite,11,3.1,0,0,165602
CAND-000126,2025-04-27,sales,job_board,offer,1,4.3,1,1,140441
CAND-000127,2025-04-22,sales,campus,rejected,2,3.1,0,0,189800
CAND-000128,2026-02-14,sales,campus,applied,9,,0,0,155851
CAND-000129,2025-11-07,product,job_board,screen,3,2.8,0,0,148041
CAND-000130,2026-01-17,operations,job_board,applied,2,4.5,0,0,78319
CAND-000131,2026-01-03,data,linkedin,onsite,16,2.5,0,0,158209
CAND-000132,2026-02-15,operations,campus,rejected,3,2.3,0,0,132119
CAND-000133,2026-02-15,operations,agency,rejected,9,3.0,0,0,148868
CAND-000134,2025-06-20,sales,campus,rejected,2,2.4,0,0,161111
CAND-000135,2025-10-26,engineering,agency,onsite,12,2.8,0,0,126963
CAND-000136,2025-09-21,operations,job_board,applied,11,3.2,0,0,177356
CAND-000137,2026-01-09,data,linkedin,hired,8,4.3,1,1,163544
CAND-000138,2025-11-11,data,campus,applied,14,3.6,0,0,149743
CAND-000139,2026-02-06,engineering,job_board,screen,2,3.6,0,0,91128
CAND-000140,2025-02-28,operations,job_board,rejected,7,3.6,0,0,74826
CAND-000141,2025-12-25,sales,campus,offer,9,4.6,1,1,88976
CAND-000142,2025-10-28,product,referral,onsite,9,3.5,0,0,163131
CAND-000143,2025-12-10,sales,referral,rejected,2,4.2,0,0,115024
CAND-000144,2025-08-31,operations,referral,hired,13,,1,1,176559
CAND-000145,2025-07-04,operations,linkedin,applied,10,3.6,0,0,159791
CAND-000146,2025-06-04,engineering,job_board,onsite,23,2.1,0,0,190611
CAND-000147,2025-02-14,operations,campus,hired,7,4.5,1,0,202328
CAND-000148,2025-06-16,product,campus,hired,1,2.8,0,0,192533
CAND-000149,2026-02-02,engineering,campus,hired,3,3.5,1,1,105982
CAND-000150,2025-01-18,product,linkedin,rejected,5,5,0,0,172978
CAND-000151,2026-01-17,sales,linkedin,offer,7,4.0,1,0,127876
CAND-000152,2025-05-25,product,job_board,hired,11,4.8,0,0,160764
CAND-000153,2025-07-04,sales,agency,onsite,21,2.0,0,0,69464
CAND-000154,2025-11-08,operations,agency,hired,6,3.7,1,1,122449
CAND-000155,2025-09-23,operations,agency,screen,8,3.5,0,0,116922
CAND-000156,2025-11-20,engineering,linkedin,screen,5,3.6,0,0,145990
CAND-000157,2025-12-09,sales,referral,offer,3,3.6,1,1,193809
CAND-000158,2025-05-18,product,linkedin,rejected,12,4.0,0,0,125729
CAND-000159,2025-11-09,data,job_board,onsite,15,3.1,0,0,171649
CAND-000160,2025-03-21,sales,job_board,offer,8,3.1,0,0,163374
CAND-000161,2025-06-20,product,linkedin,offer,15,2.6,0,0,42127
CAND-000162,2025-10-20,data,linkedin,offer,1,3.2,0,0,162878
CAND-000163,2025-01-26,data,linkedin,rejected,1,4.9,0,0,183164
CAND-000164,2025-03-17,engineering,job_board,applied,2,5,0,0,204939
CAND-000165,2025-12-28,product,job_board,rejected,11,4.0,0,0,234622
CAND-000166,2025-07-07,data,referral,offer,9,3.5,1,1,142333
CAND-000167,2025-05-19,data,referral,applied,15,4.6,0,0,152882
CAND-000168,2025-02-23,sales,job_board,rejected,14,3.1,0,0,120397
CAND-000169,2025-06-20,sales,agency,hired,3,3.9,1,1,168140
CAND-000170,2025-07-11,product,linkedin,hired,11,3.6,1,1,99166
CAND-000171,2026-02-18,data,linkedin,applied,10,2.9,0,0,106634
CAND-000172,2025-06-04,product,agency,hired,19,2.7,0,0,144743
CAND-000173,2026-01-21,engineering,job_board,onsite,16,4.1,0,0,108518
CAND-000174,2025-12-28,data,job_board,screen,7,4.4,0,0,164057
CAND-000175,2025-03-16,data,linkedin,offer,13,2.8,0,0,94886
CAND-000176,2025-02-20,product,agency,screen,14,5,0,0,173988
CAND-000177,2025-04-07,data,referral,offer,10,3.3,1,1,155085
CAND-000178,2025-11-12,sales,campus,offer,9,2.5,0,0,140162
CAND-000179,2025-01-21,data,agency,applied,12,2.9,0,0,150979
CAND-000180,2025-02-08,engineering,referral,hired,10,2.5,0,0,138177
CAND-000181,2026-02-01,engineering,agency,offer,19,3.5,1,1,152462
CAND-000182,2025-10-28,engineering,referral,rejected,6,3.2,0,0,157269
CAND-000183,2025-02-03,product,agency,hired,16,2.2,0,0,205232
CAND-000184,2025-02-21,operations,job_board,rejected,11,3.9,0,0,144012
CAND-000185,2026-01-07,operations,job_board,onsite,13,1.9,0,0,62753
CAND-000186,2026-02-04,engineering,agency,applied,4,5,0,0,172233
CAND-000187,2025-09-07,product,campus,screen,9,2.9,0,0,210405
CAND-000188,2025-03-30,product,agency,rejected,9,3.5,0,0,85578
CAND-000189,2025-05-02,data,linkedin,applied,8,4.6,0,0,153249
CAND-000190,2025-07-27,sales,agency,hired,15,4.1,1,0,56323
CAND-000191,2025-10-09,data,referral,screen,4,3.7,0,0,151264
CAND-000192,2026-02-15,engineering,referral,hired,1,3.5,1,1,125036
CAND-000193,2025-11-06,operations,agency,screen,5,4.7,0,0,144054
CAND-000194,2026-01-24,sales,agency,screen,4,2.2,0,0,61623
CAND-000195,2025-07-24,data,referral,rejected,5,4.8,0,0,71483
CAND-000196,2025-07-28,data,linkedin,screen,10,2.8,0,0,143670
CAND-000197,2025-09-10,engineering,job_board,offer,17,4.0,1,0,65251
CAND-000198,2025-03-08,product,linkedin,rejected,12,5,0,0,155210
CAND-000199,2025-12-12,sales,agency,rejected,9,4.2,0,0,169556
CAND-000200,2025-07-21,engineering,campus,offer,1,3.9,0,0,98532
CAND-000201,2025-02-08,data,agency,offer,1,4.9,1,1,148962
CAND-000202,2026-02-16,data,agency,rejected,2,3.2,0,0,214581
CAND-000203,2025-04-21,engineering,linkedin,offer,9,2.8,0,0,116414
CAND-000204,2026-01-26,sales,referral,applied,5,3.5,0,0,111496
CAND-000205,2025-02-01,sales,referral,screen,1,2.7,0,0,130117
CAND-000206,2025-02-13,data,campus,offer,5,4.5,0,0,116619
CAND-000207,2025-11-20,sales,referral,rejected,11,,0,0,47456
CAND-000208,2025-06-16,sales,agency,screen,1,3.5,0,0,135694
CAND-000209,2025-10-15,engineering,campus,offer,10,3.4,1,1,141349
CAND-000210,2025-01-13,operations,job_board,offer,9,4.7,1,1,115864
CAND-000211,2025-11-23,engineering,agency,hired,2,3.9,1,1,9241
CAND-000212,2025-06-07,product,campus,onsite,5,3.2,0,0,46427
CAND-000213,2025-04-21,data,campus,hired,1,2.7,0,0,116905
CAND-000214,2025-04-25,sales,referral,screen,12,4.9,0,0,173958
CAND-000215,2025-08-03,data,referral,rejected,18,3.6,0,0,130407
CAND-000216,2025-05-06,engineering,campus,rejected,7,5,0,0,203726
CAND-000217,2025-04-11,operations,linkedin,rejected,9,4.7,0,0,123801
CAND-000218,2025-09-10,sales,agency,onsite,11,2.6,0,0,143234
CAND-000219,2025-10-10,engineering,campus,hired,5,2.1,0,0,164967
CAND-000220,2025-08-04,data,job_board,hired,13,3.6,1,1,164763
CAND-000221,2025-01-18,operations,linkedin,offer,1,3.9,1,1,105985
CAND-000222,2025-02-15,operations,referral,onsite,14,4.6,0,0,75489
CAND-000223,2025-10-09,data,agency,rejected,10,3.7,0,0,143074
CAND-000224,2025-12-06,product,campus,hired,11,3.1,0,0,90616
CAND-000225,2025-11-08,sales,agency,screen,15,4.5,0,0,144117
CAND-000226,2025-05-08,product,campus,offer,7,4.3,1,1,103925
CAND-000227,2025-10-05,engineering,agency,hired,12,4.5,1,1,81792
CAND-000228,2025-12-15,engineering,agency,offer,10,3.3,1,0,115900
CAND-000229,2025-06-17,data,agency,hired,12,2.8,0,0,103117
CAND-000230,2025-07-11,engineering,agency,applied,10,5,0,0,70046
CAND-000231,2025-12-14,data,job_board,screen,8,3.2,0,0,143906
CAND-000232,2026-02-13,engineering,agency,onsite,19,4.4,0,0,36516
CAND-000233,2026-01-17,data,linkedin,offer,1,4.0,1,0,144982
CAND-000234,2025-08-10,engineering,referral,offer,6,2.9,0,0,100000
CAND-000235,2025-01-11,operations,linkedin,rejected,18,3.2,0,0,130456
CAND-000236,2025-02-27,operations,job_board,onsite,13,3.6,0,0,42300
CAND-000237,2025-08-11,operations,linkedin,hired,12,4.5,1,1,134394
CAND-000238,2025-11-07,product,agency,hired,5,4.5,0,0,56534
CAND-000239,2025-01-02,engineering,job_board,applied,16,2.4,0,0,53029
CAND-000240,2025-08-31,sales,job_board,applied,4,3.3,0,0,142564
CAND-000241,2025-06-15,product,referral,screen,4,3.8,0,0,162466
CAND-000242,2025-07-17,engineering,linkedin,applied,4,4.4,0,0,144281
CAND-000243,2025-11-01,data,linkedin,onsite,14,4.2,0,0,162368
CAND-000244,2025-03-30,data,job_board,screen,11,3.5,0,0,61865
CAND-000245,2025-05-10,product,agency,screen,16,3.5,0,0,172659
CAND-000246,2025-12-13,product,referral,rejected,12,4.3,0,0,83132
CAND-000247,2025-12-07,product,linkedin,hired,10,4.6,1,1,123712
CAND-000248,2026-01-30,product,referral,applied,3,3.0,0,0,164158
CAND-000249,2025-01-20,data,campus,onsite,16,,0,0,153436
CAND-000250,2025-06-20,engineering,linkedin,hired,13,4.7,1,1,47486
CAND-000251,2025-05-19,operations,referral,screen,7,3.8,0,0,139614
CAND-000252,2026-02-24,product,agency,rejected,13,,0,0,101689
CAND-000253,2025-03-13,product,agency,offer,13,3.3,1,0,203714
CAND-000254,2025-07-30,operations,referral,rejected,10,3.2,0,0,122157
CAND-000255,2025-11-10,engineering,agency,offer,21,4.3,0,0,132111
CAND-000256,2025-11-18,engineering,campus,applied,14,5,0,0,122414
CAND-000257,2025-06-08,data,campus,rejected,7,4.7,0,0,154663
CAND-000258,2026-02-11,product,linkedin,onsite,19,,0,0,132792
CAND-000259,2025-03-13,product,job_board,hired,4,3.8,0,0,167766
CAND-000260,2025-02-20,operations,job_board,rejected,2,1.3,0,0,161092
CAND-000261,2025-04-26,data,agency,hired,1,3.4,1,0,152490
CAND-000262,2025-08-18,sales,referral,onsite,4,4.2,0,0,130638
CAND-000263,2025-10-11,operations,job_board,onsite,23,2.9,0,0,89185
CAND-000264,2025-12-11,operations,referral,offer,1,,0,0,150245
CAND-000265,2025-02-28,product,job_board,screen,9,2.5,0,0,189157
CAND-000266,2025-09-28,product,linkedin,screen,13,5,0,0,81552
CAND-000267,2025-03-17,data,referral,applied,6,3.8,0,0,92786
CAND-000268,2025-07-20,engineering,job_board,rejected,14,4.6,0,0,100743
CAND-000269,2025-02-14,engineering,referral,applied,6,2.9,0,0,153148
CAND-000270,2025-03-03,sales,agency,screen,3,3.4,0,0,139103
CAND-000271,2025-03-12,sales,agency,onsite,20,3.1,0,0,72061
CAND-000272,2025-03-20,sales,referral,hired,5,5,1,0,160382
CAND-000273,2026-01-13,product,referral,screen,14,2.2,0,0,82347
CAND-000274,2025-03-14,sales,job_board,offer,6,3.6,1,0,125001
CAND-000275,2025-04-26,data,linkedin,onsite,20,4.2,0,0,95311
CAND-000276,2025-10-12,sales,agency,screen,16,4.0,0,0,122134
CAND-000277,2025-08-19,sales,job_board,offer,12,3.5,1,0,155705
CAND-000278,2025-08-15,sales,campus,screen,6,5,0,0,160211
CAND-000279,2025-06-03,product,linkedin,screen,6,3.6,0,0,79655
CAND-000280,2025-02-02,operations,referral,applied,17,1.9,0,0,177942
CAND-000281,2026-02-02,data,linkedin,rejected,1,4.2,0,0,124525
CAND-000282,2025-06-30,product,agency,screen,6,4.8,0,0,168793
CAND-000283,2025-02-03,engineering,referral,hired,3,2.8,0,0,185185
CAND-000284,2025-11-14,engineering,linkedin,screen,3,3.5,0,0,205616
CAND-000285,2025-11-20,sales,linkedin,applied,10,3.5,0,0,184042
CAND-000286,2025-05-03,product,agency,rejected,1,2.7,0,0,30422
CAND-000287,2026-01-28,engineering,linkedin,hired,11,4.8,1,1,87445
CAND-000288,2025-02-04,product,agency,hired,5,3.0,0,0,106774
CAND-000289,2025-03-30,data,linkedin,onsite,8,3.3,0,0,72712
CAND-000290,2025-01-27,operations,job_board,hired,2,3.1,0,0,137019
CAND-000291,2025-04-15,engineering,campus,hired,4,5,1,1,166556
CAND-000292,2025-11-09,operations,agency,onsite,5,3.8,0,0,130816
CAND-000293,2025-01-09,engineering,linkedin,applied,5,4.1,0,0,184448
CAND-000294,2025-08-25,operations,job_board,screen,11,3.5,0,0,151866
CAND-000295,2025-07-09,engineering,agency,applied,1,2.6,0,0,108427
CAND-000296,2025-06-26,engineering,linkedin,screen,12,3.7,0,0,145723
CAND-000297,2025-06-05,sales,job_board,offer,1,4.0,0,0,131405
CAND-000298,2025-09-27,engineering,campus,applied,7,3.7,0,0,92058
CAND-000299,2026-01-23,product,referral,offer,16,5,1,0,177506
CAND-000300,2025-05-14,product,agency,rejected,7,4.3,0,0,150673
CAND-000301,2026-02-16,data,campus,onsite,12,3.6,0,0,203432
CAND-000302,2025-11-13,product,agency,offer,19,3.6,1,0,145611
CAND-000303,2025-12-21,product,agency,offer,1,3.7,1,1,101253
CAND-000304,2025-02-24,sales,campus,onsite,19,3.9,0,0,193518
CAND-000305,2025-12-04,product,referral,rejected,7,3.5,0,0,125873
CAND-000306,2025-10-12,operations,referral,onsite,7,3.8,0,0,148653
CAND-000307,2025-04-26,engineering,job_board,offer,5,4.2,1,1,179307
CAND-000308,2025-03-27,engineering,referral,hired,8,2.6,0,0,123691
CAND-000309,2025-12-22,product,agency,screen,3,5,0,0,112801
CAND-000310,2025-01-07,product,job_board,onsite,12,2.7,0,0,160534
CAND-000311,2025-04-08,data,linkedin,offer,7,2.4,0,0,115968
CAND-000312,2025-08-07,engineering,linkedin,rejected,1,5,0,0,120503
CAND-000313,2026-01-29,engineering,job_board,rejected,1,4.5,0,0,175194
CAND-000314,2025-11-26,sales,referral,rejected,1,3.5,0,0,136669
CAND-000315,2026-02-17,engineering,agency,offer,11,3.5,1,1,150607
CAND-000316,2025-06-25,sales,referral,screen,4,3.6,0,0,106964
CAND-000317,2026-01-13,operations,campus,offer,8,5,1,1,88809
CAND-000318,2025-09-11,engineering,linkedin,onsite,7,3.3,0,0,153288
CAND-000319,2025-05-02,engineering,linkedin,applied,15,3.7,0,0,130960
CAND-000320,2025-01-30,data,campus,offer,18,1.6,0,0,91975
CAND-000321,2026-01-30,engineering,job_board,onsite,23,2.5,0,0,92241
CAND-000322,2025-07-17,sales,campus,onsite,14,3.7,0,0,170839
CAND-000323,2025-07-09,data,linkedin,onsite,19,4.7,0,0,145399
CAND-000324,2025-02-21,engineering,agency,hired,5,4.4,1,0,179331
CAND-000325,2025-10-15,engineering,campus,offer,6,3.8,0,0,145681
CAND-000326,2025-04-07,product,referral,applied,14,,0,0,140978
CAND-000327,2025-04-07,engineering,agency,rejected,3,3.8,0,0,131469
CAND-000328,2025-12-28,product,campus,applied,6,4.1,0,0,157902
CAND-000329,2025-01-08,engineering,campus,rejected,6,3.6,0,0,168369
CAND-000330,2025-01-13,data,campus,hired,15,3.2,0,0,117490
CAND-000331,2025-12-05,sales,campus,offer,8,2.9,0,0,180783
CAND-000332,2025-08-26,product,agency,onsite,16,2.6,0,0,110121
CAND-000333,2025-05-13,engineering,campus,applied,7,2.3,0,0,123721
CAND-000334,2025-06-09,product,campus,offer,13,3.6,1,0,50841
CAND-000335,2025-06-30,sales,agency,onsite,14,1,0,0,100969
CAND-000336,2025-07-13,sales,agency,applied,12,4.1,0,0,108045
CAND-000337,2025-10-12,data,campus,screen,1,3.5,0,0,180600
CAND-000338,2025-01-27,sales,job_board,applied,10,4.5,0,0,85957
CAND-000339,2025-10-21,product,referral,applied,3,,0,0,86480
CAND-000340,2026-01-16,product,linkedin,hired,8,3.1,0,0,105759
CAND-000341,2025-05-25,sales,agency,applied,15,4.2,0,0,90862
CAND-000342,2025-12-31,data,agency,rejected,9,2.6,0,0,197561
CAND-000343,2025-08-20,operations,linkedin,screen,7,5.0,0,0,113295
CAND-000344,2025-09-15,engineering,agency,applied,9,4.4,0,0,204927
CAND-000345,2025-04-21,engineering,linkedin,rejected,3,4.1,0,0,66573
CAND-000346,2026-02-12,engineering,campus,onsite,17,3.8,0,0,162049
CAND-000347,2026-02-02,data,agency,onsite,14,5,0,0,160133
CAND-000348,2025-03-22,data,campus,offer,9,,0,0,176397
CAND-000349,2025-06-25,sales,linkedin,rejected,7,2.8,0,0,84179
CAND-000350,2025-08-29,operations,campus,applied,7,3.3,0,0,152801
CAND-000351,2025-02-22,data,agency,hired,3,3.9,1,1,134674
CAND-000352,2025-07-18,operations,agency,onsite,7,3.9,0,0,132254
CAND-000353,2025-07-28,data,linkedin,rejected,5,4.7,0,0,187897
CAND-000354,2025-12-14,product,job_board,applied,8,2.3,0,0,84042
CAND-000355,2025-08-28,operations,campus,rejected,3,3.1,0,0,223120
CAND-000356,2025-02-08,data,job_board,applied,1,4.1,0,0,159881
CAND-000357,2025-07-20,engineering,agency,onsite,22,4.3,0,0,107255
CAND-000358,2025-02-01,data,referral,screen,6,4.0,0,0,138016
CAND-000359,2026-01-26,product,agency,offer,12,2.8,0,0,111363
CAND-000360,2025-09-25,engineering,campus,hired,13,4.4,0,0,159257
CAND-000361,2025-02-05,engineering,job_board,onsite,17,3.0,0,0,162137
CAND-000362,2026-02-13,data,linkedin,rejected,6,2.6,0,0,162354
CAND-000363,2025-08-06,sales,campus,hired,7,2.4,0,0,71957
CAND-000364,2025-01-22,product,campus,applied,16,2.0,0,0,188491
CAND-000365,2025-02-10,operations,agency,rejected,12,2.1,0,0,140658
CAND-000366,2025-05-21,sales,linkedin,applied,7,2.7,0,0,202010
CAND-000367,2025-03-09,operations,referral,onsite,16,1.6,0,0,175495
CAND-000368,2025-03-17,data,linkedin,rejected,9,3.6,0,0,135964
CAND-000369,2025-11-01,sales,referral,onsite,8,3.3,0,0,178739
CAND-000370,2025-11-21,product,agency,screen,1,3.7,0,0,157907
CAND-000371,2025-07-14,data,referral,applied,1,3.5,0,0,111390
CAND-000372,2025-06-06,data,linkedin,offer,8,3.8,0,0,116430
CAND-000373,2025-05-31,product,job_board,offer,1,3.6,0,0,82977
CAND-000374,2025-02-17,data,linkedin,hired,2,3.0,0,0,227152
CAND-000375,2025-04-11,sales,linkedin,applied,7,5,0,0,90981
CAND-000376,2026-01-26,product,linkedin,onsite,19,4.8,0,0,140937
CAND-000377,2025-10-29,engineering,campus,rejected,7,4.1,0,0,96757
CAND-000378,2025-09-14,operations,campus,offer,1,,1,1,182240
CAND-000379,2026-01-23,operations,linkedin,onsite,13,4.4,0,0,119904
CAND-000380,2025-06-15,data,campus,applied,6,3.7,0,0,112076
CAND-000381,2026-02-21,sales,campus,screen,10,3.4,0,0,85295
CAND-000382,2025-11-21,product,linkedin,onsite,19,4.3,0,0,147737
CAND-000383,2025-09-29,sales,agency,onsite,16,3.4,0,0,43664
CAND-000384,2025-05-19,product,campus,onsite,12,4.4,0,0,125717
CAND-000385,2025-12-23,sales,job_board,onsite,12,3.1,0,0,138515
CAND-000386,2025-03-06,engineering,agency,applied,13,1.5,0,0,170560
CAND-000387,2025-01-01,operations,job_board,offer,3,3.4,1,1,158046
CAND-000388,2025-08-18,product,job_board,screen,3,4.7,0,0,161765
CAND-000389,2025-12-08,sales,referral,applied,10,3.2,0,0,213107
CAND-000390,2025-03-19,operations,job_board,screen,10,2.4,0,0,193913
CAND-000391,2025-03-01,data,campus,hired,8,4.4,1,1,181546
CAND-000392,2025-08-03,engineering,agency,applied,2,4.5,0,0,134979
CAND-000393,2025-12-19,operations,agency,offer,11,3.0,0,0,164959
CAND-000394,2025-12-20,data,agency,onsite,15,2.8,0,0,135435
CAND-000395,2025-03-20,engineering,agency,offer,2,2.9,0,0,142465
CAND-000396,2025-04-11,engineering,campus,offer,6,5,0,0,131940
CAND-000397,2025-04-05,engineering,referral,onsite,11,4.8,0,0,157754
CAND-000398,2025-06-12,sales,referral,hired,4,4.0,1,1,190001
CAND-000399,2025-03-19,sales,referral,screen,7,5,0,0,121606
CAND-000400,2025-03-13,product,agency,applied,13,4.1,0,0,71236
CAND-000401,2025-07-12,data,referral,rejected,1,4.9,0,0,113450
CAND-000402,2025-08-06,product,referral,rejected,15,3.3,0,0,141866
CAND-000403,2026-02-21,product,referral,hired,1,3.9,1,1,192288
CAND-000404,2026-01-30,operations,referral,rejected,1,3.1,0,0,140502
CAND-000405,2025-09-13,sales,agency,applied,1,3.4,0,0,152316
CAND-000406,2025-10-14,data,agency,onsite,15,,0,0,106836
CAND-000407,2026-02-13,engineering,linkedin,hired,9,4.7,1,1,136515
CAND-000408,2025-08-09,operations,referral,screen,10,5,0,0,83424
CAND-000409,2025-09-13,product,linkedin,offer,6,3.9,0,0,127233
CAND-000410,2025-09-01,operations,job_board,offer,8,,1,1,146151
CAND-000411,2025-06-30,product,referral,onsite,22,3.1,0,0,109877
CAND-000412,2025-10-13,operations,job_board,rejected,12,1.8,0,0,186546
CAND-000413,2025-09-13,engineering,campus,screen,11,4.1,0,0,150692
CAND-000414,2026-02-22,sales,linkedin,applied,8,3.3,0,0,220251
CAND-000415,2025-12-30,engineering,agency,applied,5,4.8,0,0,77049
CAND-000416,2025-03-04,operations,linkedin,offer,7,4.9,1,0,165778
CAND-000417,2026-01-09,data,linkedin,onsite,15,3.3,0,0,91830
CAND-000418,2025-11-29,data,referral,hired,1,4.9,0,0,149359
CAND-000419,2025-03-27,engineering,referral,offer,15,4.1,0,0,39634
CAND-000420,2025-12-10,sales,campus,offer,11,2.9,0,0,140023
CAND-000421,2025-08-05,operations,agency,hired,9,4.2,1,1,204478
CAND-000422,2025-06-17,operations,campus,rejected,16,5,0,0,99584
CAND-000423,2025-12-21,engineering,campus,onsite,13,4.1,0,0,152188
CAND-000424,2025-09-12,engineering,referral,rejected,6,5.0,0,0,140650
CAND-000425,2026-02-08,sales,linkedin,onsite,15,3.9,0,0,123055
CAND-000426,2025-12-25,engineering,referral,onsite,17,4.7,0,0,90497
CAND-000427,2025-08-19,data,job_board,applied,4,3.6,0,0,83686
CAND-000428,2025-02-16,operations,campus,onsite,11,,0,0,97557
CAND-000429,2026-02-09,product,linkedin,hired,8,3.9,1,1,115723
CAND-000430,2025-06-20,product,campus,offer,3,2.7,0,0,133697
CAND-000431,2025-07-06,engineering,referral,onsite,23,3.0,0,0,51545
CAND-000432,2025-01-25,operations,agency,onsite,16,3.6,0,0,171182
CAND-000433,2025-01-13,engineering,referral,onsite,14,2.7,0,0,129019
CAND-000434,2025-05-12,operations,linkedin,offer,6,5,0,0,68195
CAND-000435,2025-02-16,data,agency,hired,6,3.6,1,1,94676
CAND-000436,2025-03-12,product,agency,applied,11,5,0,0,114245
CAND-000437,2025-02-06,engineering,referral,onsite,14,3.3,0,0,154141
CAND-000438,2025-06-16,engineering,campus,hired,5,4.1,1,1,132663
CAND-000439,2025-11-07,data,referral,applied,1,4.6,0,0,177555
CAND-000440,2025-02-05,data,job_board,screen,7,3.9,0,0,161330
CAND-000441,2025-08-25,data,linkedin,rejected,9,2.6,0,0,152402
CAND-000442,2025-12-16,operations,linkedin,onsite,12,2.8,0,0,55215
CAND-000443,2025-06-23,data,linkedin,rejected,12,,0,0,166638
CAND-000444,2026-02-24,operations,linkedin,screen,14,2.3,0,0,103075
CAND-000445,2025-01-09,operations,agency,hired,9,2.8,0,0,126856
CAND-000446,2025-06-19,operations,referral,screen,1,3.5,0,0,130175
CAND-000447,2025-09-01,sales,referral,rejected,9,3.6,0,0,59901
CAND-000448,2025-04-07,product,campus,hired,18,2.8,0,0,92081
CAND-000449,2025-09-15,data,agency,screen,11,4.0,0,0,102496
CAND-000450,2025-10-17,data,agency,offer,5,3.4,1,1,140672
CAND-000451,2025-02-28,operations,agency,applied,12,4.2,0,0,42441
CAND-000452,2025-05-20,operations,campus,offer,19,2.7,0,0,120877
CAND-000453,2025-08-08,engineering,job_board,offer,11,5,1,1,102867
CAND-000454,2025-02-04,data,job_board,screen,4,4.5,0,0,143436
CAND-000455,2025-07-31,product,referral,hired,6,3.8,0,0,107628
CAND-000456,2025-05-14,sales,agency,onsite,7,3.7,0,0,78338
CAND-000457,2025-12-16,data,campus,applied,8,4.1,0,0,80910
CAND-000458,2025-11-18,sales,job_board,applied,10,2.6,0,0,206609
CAND-000459,2025-02-15,sales,agency,onsite,5,4.2,0,0,83143
CAND-000460,2025-09-13,operations,job_board,rejected,1,4.5,0,0,84561
CAND-000461,2025-02-17,operations,campus,hired,2,3.2,0,0,75187
CAND-000462,2025-10-12,operations,referral,rejected,11,2.1,0,0,157368
CAND-000463,2025-02-06,data,job_board,hired,5,4.9,1,1,131259
CAND-000464,2025-05-19,product,agency,screen,1,2.0,0,0,171785
CAND-000465,2025-08-30,sales,agency,offer,6,3.9,1,0,178514
CAND-000466,2025-10-16,operations,job_board,rejected,1,3.6,0,0,154789
CAND-000467,2025-03-18,operations,job_board,onsite,6,3.5,0,0,134765
CAND-000468,2025-06-13,product,agency,applied,5,3.3,0,0,207228
CAND-000469,2025-12-16,engineering,agency,applied,3,4.0,0,0,75710
CAND-000470,2025-06-27,data,job_board,onsite,12,3.8,0,0,124538
CAND-000471,2025-02-20,data,agency,onsite,19,3.3,0,0,140953
CAND-000472,2025-01-27,product,referral,rejected,2,4.1,0,0,157873
CAND-000473,2025-03-14,operations,campus,offer,18,2.4,0,0,146292
CAND-000474,2025-02-14,data,linkedin,applied,1,4.0,0,0,105007
CAND-000475,2025-05-26,operations,agency,offer,4,3.5,0,0,113069
CAND-000476,2025-06-07,sales,job_board,applied,11,3.5,0,0,168383
CAND-000477,2025-01-07,data,agency,applied,1,3.8,0,0,167880
CAND-000478,2025-12-13,operations,referral,onsite,11,2.9,0,0,121628
CAND-000479,2025-10-12,data,campus,screen,10,4.7,0,0,121784
CAND-000480,2025-03-15,data,referral,screen,2,3.1,0,0,96544
CAND-000481,2025-04-22,sales,job_board,offer,7,3.4,0,0,155398
CAND-000482,2025-05-22,sales,referral,screen,9,3.4,0,0,26065
CAND-000483,2025-03-09,engineering,referral,applied,11,3.9,0,0,125530
CAND-000484,2025-11-09,engineering,job_board,hired,13,2.5,0,0,113767
CAND-000485,2025-04-29,product,referral,screen,11,3.9,0,0,137572
CAND-000486,2025-08-19,data,campus,onsite,17,1.7,0,0,177897
CAND-000487,2025-01-28,data,referral,screen,6,4.0,0,0,136798
CAND-000488,2025-04-25,sales,referral,rejected,4,3.4,0,0,146128
CAND-000489,2025-03-23,data,linkedin,screen,5,3.6,0,0,163370
CAND-000490,2025-11-24,data,job_board,onsite,18,3.4,0,0,115345
CAND-000491,2026-02-19,product,referral,rejected,11,3.9,0,0,139272
CAND-000492,2025-12-21,product,job_board,hired,3,3.4,1,0,111977
CAND-000493,2026-02-17,product,agency,onsite,14,3.4,0,0,119987
CAND-000494,2025-10-17,operations,agency,onsite,24,1.5,0,0,129687
CAND-000495,2025-09-03,product,job_board,screen,10,2.8,0,0,210184
CAND-000496,2026-01-03,data,referral,screen,12,3.7,0,0,36432
CAND-000497,2025-08-27,sales,agency,onsite,5,2.4,0,0,142668
CAND-000498,2025-07-14,operations,job_board,screen,1,3.2,0,0,224173
CAND-000499,2026-02-21,engineering,agency,rejected,9,3.8,0,0,145631
CAND-000500,2025-06-06,data,campus,screen,4,4.3,0,0,98333
