batch_id,inspection_date,plant,line,product_family,shift,units_checked,defect_count,defect_type,downtime_minutes
BATCH-00001,2025-02-05,hanoi,L4,controller,night,421,3,alignment,0
BATCH-00002,2025-04-21,suzhou,L1,battery,night,197,5,none,2
BATCH-00003,2025-01-30,shenzhen,L3,display,night,386,18,scratch,81
BATCH-00004,2025-03-21,hanoi,L3,controller,swing,279,10,packaging,43
BATCH-00005,2025-10-17,suzhou,L2,sensor,swing,235,2,scratch,45
BATCH-00006,2025-05-26,chengdu,L2,controller,night,308,12,alignment,10
BATCH-00007,2026-01-27,chengdu,L4,battery,swing,96,3,alignment,0
BATCH-00008,2025-04-13,suzhou,L4,sensor,day,139,2,none,18
BATCH-00009,2025-06-08,shenzhen,L2,battery,swing,327,7,alignment,28
BATCH-00010,2025-06-15,chengdu,L4,display,swing,236,7,scratch,27
BATCH-00011,2025-05-04,suzhou,L1,display,day,295,7,packaging,43
BATCH-00012,2025-02-28,suzhou,L4,sensor,day,255,3,scratch,47
BATCH-00013,2025-02-08,hanoi,L1,controller,night,136,2,alignment,37
BATCH-00014,2025-03-15,hanoi,L2,battery,day,198,1,alignment,38
BATCH-00015,2025-12-12,hanoi,L4,battery,swing,206,5,none,42
BATCH-00016,2025-09-28,chengdu,L1,battery,swing,387,5,none,0
BATCH-00017,2025-09-23,suzhou,L1,display,day,268,2,alignment,11
BATCH-00018,2025-06-09,chengdu,L2,sensor,day,246,4,none,91
BATCH-00019,2025-01-15,chengdu,L3,sensor,night,302,12,power,30
BATCH-00020,2025-06-05,chengdu,L4,controller,night,223,8,power,76
BATCH-00021,2025-12-02,hanoi,L4,battery,night,90,4,none,40
BATCH-00022,2026-01-06,chengdu,L3,display,swing,427,10,scratch,60
BATCH-00023,2025-11-22,shenzhen,L1,display,swing,224,5,power,14
BATCH-00024,2025-04-03,hanoi,L3,sensor,swing,234,5,scratch,60
BATCH-00025,2025-11-15,suzhou,L4,controller,night,186,7,scratch,57
BATCH-00026,2025-05-09,chengdu,L4,display,day,219,1,packaging,6
BATCH-00027,2025-08-19,shenzhen,L2,controller,day,92,0,none,26
BATCH-00028,2025-06-15,chengdu,L2,battery,night,211,10,power,21
BATCH-00029,2025-09-18,chengdu,L4,sensor,day,168,1,packaging,35
BATCH-00030,2025-09-13,hanoi,L2,controller,swing,289,12,none,25
BATCH-00031,2025-04-20,chengdu,L2,battery,swing,147,6,alignment,3
BATCH-00032,2025-12-30,shenzhen,L3,controller,swing,276,6,scratch,26
BATCH-00033,2025-11-07,chengdu,L4,sensor,day,276,5,packaging,0
BATCH-00034,2025-11-13,shenzhen,L3,battery,day,116,1,packaging,29
BATCH-00035,2025-10-24,chengdu,L3,sensor,day,197,4,scratch,0
BATCH-00036,2025-08-16,shenzhen,L4,display,swing,127,4,packaging,25
BATCH-00037,2025-05-10,chengdu,L4,sensor,day,230,4,power,49
BATCH-00038,2026-01-11,hanoi,L4,sensor,day,471,7,alignment,22
BATCH-00039,2025-03-10,hanoi,L4,battery,night,311,7,packaging,9
BATCH-00040,2026-01-23,shenzhen,L2,sensor,swing,422,13,power,7
BATCH-00041,2025-07-03,shenzhen,L1,display,swing,119,1,power,21
BATCH-00042,2025-03-07,chengdu,L3,controller,day,429,13,none,35
BATCH-00043,2025-12-05,chengdu,L1,battery,day,181,4,power,63
BATCH-00044,2026-01-02,hanoi,L4,controller,day,300,1,alignment,50
BATCH-00045,2025-03-25,suzhou,L2,sensor,swing,386,6,power,10
BATCH-00046,2025-01-28,suzhou,L1,battery,swing,94,2,scratch,14
BATCH-00047,2025-05-12,suzhou,L3,display,day,385,15,packaging,64
BATCH-00048,2025-07-13,shenzhen,L2,battery,day,419,6,alignment,0
BATCH-00049,2025-04-26,chengdu,L2,controller,swing,101,6,none,37
BATCH-00050,2025-08-12,shenzhen,L1,display,swing,253,2,power,38
BATCH-00051,2025-09-09,hanoi,L2,display,night,145,1,scratch,22
BATCH-00052,2025-06-21,hanoi,L1,controller,day,308,7,packaging,27
BATCH-00053,2026-01-01,suzhou,L1,display,swing,457,8,scratch,59
BATCH-00054,2025-05-16,chengdu,L1,display,day,233,4,packaging,26
BATCH-00055,2025-07-04,suzhou,L4,sensor,day,463,14,none,9
BATCH-00056,2025-11-26,hanoi,L4,sensor,day,318,4,power,49
BATCH-00057,2025-02-05,shenzhen,L4,display,night,394,9,power,8
BATCH-00058,2026-01-04,suzhou,L1,controller,night,199,6,packaging,23
BATCH-00059,2025-02-18,shenzhen,L1,battery,day,460,6,none,10
BATCH-00060,2025-12-23,shenzhen,L3,display,day,405,5,packaging,23
BATCH-00061,2025-05-02,shenzhen,L4,sensor,swing,283,6,scratch,33
BATCH-00062,2025-09-20,shenzhen,L1,display,swing,386,10,alignment,26
BATCH-00063,2025-10-22,shenzhen,L1,controller,night,456,18,none,50
BATCH-00064,2025-12-05,hanoi,L4,controller,night,156,7,scratch,52
BATCH-00065,2025-10-11,hanoi,L1,controller,swing,488,7,none,32
BATCH-00066,2025-04-04,hanoi,L3,battery,day,354,10,packaging,37
BATCH-00067,2025-04-23,shenzhen,L3,sensor,night,192,13,power,33
BATCH-00068,2026-01-29,shenzhen,L1,battery,night,393,11,scratch,45
BATCH-00069,2025-07-21,shenzhen,L3,controller,day,487,19,power,19
BATCH-00070,2025-11-28,chengdu,L2,battery,day,97,5,none,37
BATCH-00071,2025-08-06,shenzhen,L4,controller,night,461,9,none,0
BATCH-00072,2025-12-28,chengdu,L4,controller,swing,289,5,none,17
BATCH-00073,2025-10-07,suzhou,L4,sensor,day,301,9,alignment,32
BATCH-00074,2025-11-04,suzhou,L2,battery,swing,152,1,scratch,0
BATCH-00075,2025-05-24,suzhou,L4,controller,swing,303,3,scratch,41
BATCH-00076,2025-12-10,hanoi,L2,sensor,night,227,6,none,22
BATCH-00077,2025-08-26,hanoi,L2,display,swing,120,1,packaging,22
BATCH-00078,2025-08-31,chengdu,L1,battery,night,235,6,scratch,29
BATCH-00079,2025-09-10,chengdu,L3,sensor,day,235,4,packaging,9
BATCH-00080,2025-08-21,hanoi,L3,display,swing,109,4,packaging,34
BATCH-00081,2026-01-08,shenzhen,L1,battery,day,225,2,power,39
BATCH-00082,2025-07-20,shenzhen,L2,battery,swing,207,0,alignment,17
BATCH-00083,2025-11-09,suzhou,L3,controller,night,225,15,alignment,36
BATCH-00084,2025-05-27,suzhou,L4,battery,swing,443,13,power,82
BATCH-00085,2025-11-25,hanoi,L2,controller,swing,429,10,power,49
BATCH-00086,2025-04-28,chengdu,L2,sensor,swing,388,3,alignment,22
BATCH-00087,2025-10-24,shenzhen,L3,display,swing,127,5,none,27
BATCH-00088,2026-01-28,chengdu,L4,battery,day,281,5,none,32
BATCH-00089,2025-01-25,shenzhen,L2,display,day,188,1,alignment,33
BATCH-00090,2025-03-09,hanoi,L1,sensor,day,477,8,scratch,10
BATCH-00091,2025-09-30,chengdu,L4,sensor,night,370,11,alignment,80
BATCH-00092,2026-01-07,hanoi,L1,display,swing,148,2,alignment,57
BATCH-00093,2025-07-07,chengdu,L4,display,day,435,8,none,5
BATCH-00094,2025-02-10,hanoi,L1,battery,night,176,6,scratch,63
BATCH-00095,2025-02-28,shenzhen,L2,battery,day,125,0,alignment,0
BATCH-00096,2025-08-04,suzhou,L4,display,night,133,3,packaging,13
BATCH-00097,2025-03-10,hanoi,L4,display,swing,99,0,scratch,0
BATCH-00098,2025-07-11,chengdu,L2,battery,day,479,6,power,31
BATCH-00099,2025-01-13,shenzhen,L2,controller,swing,401,5,alignment,29
BATCH-00100,2025-04-01,chengdu,L1,sensor,night,166,7,alignment,17
BATCH-00101,2025-07-10,chengdu,L3,battery,day,359,6,power,0
BATCH-00102,2026-01-26,suzhou,L2,battery,night,252,8,alignment,59
BATCH-00103,2025-04-26,chengdu,L4,battery,swing,511,12,scratch,18
BATCH-00104,2025-12-27,suzhou,L3,sensor,day,303,7,scratch,58
BATCH-00105,2025-06-08,suzhou,L4,controller,night,229,12,power,56
BATCH-00106,2025-01-17,shenzhen,L1,display,night,343,12,power,0
BATCH-00107,2025-10-20,chengdu,L1,controller,day,246,7,scratch,50
BATCH-00108,2025-03-09,chengdu,L2,display,day,159,3,alignment,5
BATCH-00109,2025-03-19,hanoi,L1,controller,day,189,6,power,16
BATCH-00110,2025-08-10,shenzhen,L2,display,day,126,4,power,66
BATCH-00111,2025-02-01,suzhou,L3,battery,night,248,9,alignment,16
BATCH-00112,2025-06-20,suzhou,L3,controller,day,175,4,alignment,0
BATCH-00113,2025-12-13,hanoi,L2,controller,day,378,9,scratch,66
BATCH-00114,2025-07-17,hanoi,L4,controller,day,144,6,alignment,5
BATCH-00115,2025-03-17,suzhou,L3,display,day,169,5,alignment,18
BATCH-00116,2025-01-11,shenzhen,L2,battery,night,427,12,alignment,60
BATCH-00117,2025-08-13,shenzhen,L2,battery,night,174,4,packaging,26
BATCH-00118,2025-07-12,suzhou,L2,sensor,day,168,1,none,0
BATCH-00119,2025-09-08,hanoi,L3,display,swing,434,13,packaging,57
BATCH-00120,2025-06-09,suzhou,L3,display,swing,301,11,power,28
BATCH-00121,2025-12-10,shenzhen,L1,sensor,night,95,2,none,72
BATCH-00122,2025-08-29,hanoi,L2,battery,night,266,4,power,0
BATCH-00123,2025-12-26,suzhou,L3,display,day,408,14,none,61
BATCH-00124,2025-11-23,suzhou,L1,battery,day,238,4,alignment,49
BATCH-00125,2025-05-10,suzhou,L2,controller,swing,201,0,none,30
BATCH-00126,2025-01-23,chengdu,L1,sensor,swing,360,7,none,17
BATCH-00127,2025-06-09,hanoi,L3,battery,swing,466,16,alignment,4
BATCH-00128,2025-01-30,shenzhen,L4,sensor,day,251,5,power,17
BATCH-00129,2026-01-21,chengdu,L1,battery,night,191,10,alignment,39
BATCH-00130,2025-02-12,chengdu,L2,display,day,294,5,packaging,35
BATCH-00131,2025-04-06,chengdu,L4,display,swing,169,5,alignment,42
BATCH-00132,2025-05-18,suzhou,L1,sensor,swing,402,7,power,10
BATCH-00133,2025-04-11,suzhou,L3,sensor,day,151,6,none,7
BATCH-00134,2025-04-13,hanoi,L4,sensor,night,215,9,packaging,85
BATCH-00135,2025-04-18,shenzhen,L4,sensor,swing,337,2,packaging,33
BATCH-00136,2025-03-25,suzhou,L4,controller,night,310,13,scratch,12
BATCH-00137,2025-08-26,chengdu,L3,battery,day,163,6,alignment,32
BATCH-00138,2025-12-28,hanoi,L3,controller,day,461,7,packaging,57
BATCH-00139,2026-01-18,shenzhen,L2,display,swing,182,2,alignment,61
BATCH-00140,2025-01-06,chengdu,L3,controller,day,481,15,packaging,0
BATCH-00141,2025-04-16,chengdu,L4,controller,swing,432,11,packaging,41
BATCH-00142,2026-01-02,chengdu,L3,sensor,swing,338,12,alignment,25
BATCH-00143,2025-03-19,suzhou,L4,battery,day,147,0,power,8
BATCH-00144,2025-05-17,suzhou,L4,display,night,89,5,alignment,23
BATCH-00145,2025-01-15,hanoi,L1,controller,night,372,12,scratch,40
BATCH-00146,2025-10-12,shenzhen,L1,sensor,day,137,2,alignment,22
BATCH-00147,2026-01-08,shenzhen,L3,sensor,swing,288,7,alignment,0
BATCH-00148,2025-02-05,shenzhen,L4,display,day,242,8,alignment,25
BATCH-00149,2025-05-06,chengdu,L1,display,day,173,2,none,38
BATCH-00150,2025-10-26,hanoi,L2,display,night,365,9,alignment,38
BATCH-00151,2025-04-21,hanoi,L3,battery,day,351,9,scratch,50
BATCH-00152,2025-08-27,hanoi,L3,display,swing,300,6,power,40
BATCH-00153,2025-10-01,shenzhen,L3,battery,swing,449,12,scratch,36
BATCH-00154,2025-02-27,suzhou,L4,display,swing,447,8,alignment,23
BATCH-00155,2026-01-15,shenzhen,L3,sensor,swing,149,5,packaging,19
BATCH-00156,2025-08-04,chengdu,L4,controller,swing,165,4,power,57
BATCH-00157,2025-08-02,shenzhen,L3,battery,swing,436,18,alignment,44
BATCH-00158,2025-10-31,shenzhen,L3,display,swing,456,13,scratch,4
BATCH-00159,2025-03-30,shenzhen,L1,sensor,day,132,3,none,0
BATCH-00160,2025-05-10,shenzhen,L2,battery,day,503,11,alignment,0
BATCH-00161,2025-01-03,hanoi,L2,sensor,night,106,6,none,0
BATCH-00162,2025-07-18,chengdu,L3,battery,day,456,8,power,0
BATCH-00163,2025-09-07,hanoi,L4,sensor,night,251,9,power,14
BATCH-00164,2025-01-26,suzhou,L1,display,night,221,6,packaging,16
BATCH-00165,2025-08-08,suzhou,L4,battery,day,495,8,power,43
BATCH-00166,2025-02-09,suzhou,L2,battery,swing,312,4,none,21
BATCH-00167,2025-09-14,suzhou,L2,battery,night,111,3,scratch,17
BATCH-00168,2025-10-06,hanoi,L4,display,day,304,8,none,80
BATCH-00169,2025-05-04,shenzhen,L4,battery,swing,287,4,power,0
BATCH-00170,2025-06-29,chengdu,L1,battery,night,507,14,packaging,32
BATCH-00171,2025-08-19,shenzhen,L4,controller,night,168,2,scratch,29
BATCH-00172,2025-10-08,chengdu,L1,display,day,395,6,scratch,29
BATCH-00173,2025-12-17,shenzhen,L4,display,swing,225,2,packaging,37
BATCH-00174,2025-09-02,shenzhen,L1,battery,night,267,4,power,0
BATCH-00175,2025-04-30,hanoi,L3,battery,day,417,13,power,64
BATCH-00176,2025-09-10,chengdu,L4,battery,night,414,15,packaging,69
BATCH-00177,2025-08-05,chengdu,L1,sensor,night,431,16,none,67
BATCH-00178,2025-11-19,shenzhen,L3,controller,swing,500,14,alignment,57
BATCH-00179,2025-01-16,hanoi,L3,battery,swing,345,9,scratch,49
BATCH-00180,2025-02-12,chengdu,L3,sensor,night,451,17,power,20
BATCH-00181,2025-09-26,hanoi,L2,display,day,243,3,alignment,6
BATCH-00182,2025-12-17,suzhou,L1,battery,night,153,2,scratch,66
BATCH-00183,2025-12-06,hanoi,L3,battery,night,517,20,none,45
BATCH-00184,2025-11-05,shenzhen,L3,display,day,427,10,none,1
BATCH-00185,2025-01-24,chengdu,L1,display,night,121,8,power,17
BATCH-00186,2025-03-12,hanoi,L2,display,night,184,6,packaging,28
BATCH-00187,2025-10-19,suzhou,L4,battery,night,376,11,none,0
BATCH-00188,2025-12-01,suzhou,L3,controller,swing,314,8,alignment,43
BATCH-00189,2025-01-10,chengdu,L1,sensor,night,252,10,scratch,13
BATCH-00190,2025-08-31,suzhou,L3,display,night,84,1,alignment,0
BATCH-00191,2025-07-10,suzhou,L2,battery,night,233,11,scratch,36
BATCH-00192,2025-07-12,shenzhen,L3,battery,swing,190,5,alignment,26
BATCH-00193,2025-09-13,shenzhen,L2,sensor,swing,124,0,scratch,28
BATCH-00194,2025-10-17,hanoi,L4,display,night,261,7,scratch,41
BATCH-00195,2025-09-24,shenzhen,L2,battery,swing,167,1,none,23
BATCH-00196,2025-06-19,chengdu,L4,sensor,day,337,6,power,3
BATCH-00197,2025-11-20,shenzhen,L4,sensor,swing,325,5,none,42
BATCH-00198,2025-01-29,suzhou,L4,battery,day,271,9,scratch,46
BATCH-00199,2025-11-09,chengdu,L2,sensor,day,220,3,power,0
BATCH-00200,2025-06-09,suzhou,L1,controller,night,94,1,none,33
BATCH-00201,2025-06-03,suzhou,L4,controller,day,217,5,alignment,47
BATCH-00202,2025-11-28,hanoi,L4,display,night,335,13,scratch,34
BATCH-00203,2025-01-01,suzhou,L3,sensor,day,136,1,alignment,29
BATCH-00204,2025-07-06,chengdu,L1,display,day,191,4,none,33
BATCH-00205,2025-05-06,suzhou,L3,sensor,swing,388,10,none,0
BATCH-00206,2025-04-30,suzhou,L3,controller,night,359,16,packaging,0
BATCH-00207,2025-12-21,suzhou,L3,battery,swing,243,7,alignment,35
BATCH-00208,2025-05-01,suzhou,L3,battery,day,428,7,none,43
BATCH-00209,2025-10-21,hanoi,L1,battery,night,176,2,power,1
BATCH-00210,2025-05-06,chengdu,L4,battery,day,254,9,scratch,57
BATCH-00211,2026-01-13,chengdu,L4,sensor,swing,470,7,packaging,55
BATCH-00212,2025-10-04,suzhou,L3,display,night,252,7,power,33
BATCH-00213,2026-01-25,shenzhen,L2,display,night,271,5,packaging,18
BATCH-00214,2025-03-10,hanoi,L3,controller,swing,163,4,alignment,30
BATCH-00215,2025-10-21,shenzhen,L2,sensor,day,287,11,packaging,15
BATCH-00216,2025-12-30,hanoi,L2,sensor,night,83,2,alignment,32
BATCH-00217,2025-11-24,shenzhen,L3,display,night,224,8,power,6
BATCH-00218,2025-01-06,hanoi,L1,display,night,409,11,none,41
BATCH-00219,2025-07-03,shenzhen,L3,sensor,day,324,12,power,39
BATCH-00220,2025-04-12,shenzhen,L4,controller,swing,271,7,scratch,21
BATCH-00221,2025-10-05,suzhou,L4,battery,day,180,3,scratch,27
BATCH-00222,2025-04-17,shenzhen,L2,display,day,297,6,power,4
BATCH-00223,2025-05-08,chengdu,L3,sensor,night,248,11,none,65
BATCH-00224,2025-05-03,suzhou,L3,display,swing,487,17,alignment,18
BATCH-00225,2025-10-31,shenzhen,L4,display,night,405,14,packaging,34
BATCH-00226,2025-10-09,shenzhen,L1,sensor,swing,133,5,packaging,0
BATCH-00227,2025-06-17,chengdu,L4,sensor,swing,296,3,scratch,6
BATCH-00228,2025-07-30,hanoi,L1,sensor,day,143,0,power,5
BATCH-00229,2025-05-07,suzhou,L3,battery,swing,201,9,none,30
BATCH-00230,2025-09-10,shenzhen,L1,sensor,night,319,12,scratch,40
BATCH-00231,2025-07-04,suzhou,L3,controller,night,362,5,alignment,92
BATCH-00232,2026-01-09,chengdu,L2,sensor,night,380,11,none,9
BATCH-00233,2025-01-17,chengdu,L4,battery,day,142,3,none,36
BATCH-00234,2025-09-27,hanoi,L3,sensor,night,412,15,none,107
BATCH-00235,2025-11-29,hanoi,L1,controller,day,145,2,none,7
BATCH-00236,2025-03-21,suzhou,L3,display,day,399,11,alignment,35
BATCH-00237,2025-10-01,hanoi,L2,controller,night,177,2,power,41
BATCH-00238,2025-03-15,chengdu,L1,sensor,swing,370,8,packaging,0
BATCH-00239,2025-11-15,chengdu,L4,sensor,swing,424,10,alignment,31
BATCH-00240,2025-03-16,suzhou,L1,battery,swing,481,11,packaging,21
BATCH-00241,2025-06-27,shenzhen,L4,battery,swing,466,5,none,34
BATCH-00242,2026-01-07,hanoi,L1,display,day,95,3,alignment,23
BATCH-00243,2025-06-29,chengdu,L4,display,day,441,6,scratch,0
BATCH-00244,2025-11-15,chengdu,L1,display,night,505,19,alignment,24
BATCH-00245,2025-12-09,shenzhen,L2,battery,day,327,5,packaging,56
BATCH-00246,2025-07-23,chengdu,L4,sensor,day,451,10,power,10
BATCH-00247,2025-05-19,shenzhen,L4,controller,day,334,5,power,0
BATCH-00248,2025-05-03,suzhou,L1,display,night,277,9,power,50
BATCH-00249,2025-05-25,suzhou,L4,sensor,night,365,10,none,0
BATCH-00250,2025-09-07,shenzhen,L3,sensor,night,411,19,alignment,56
BATCH-00251,2025-07-26,chengdu,L4,display,night,296,8,alignment,8
BATCH-00252,2025-11-19,suzhou,L4,sensor,day,310,6,none,35
BATCH-00253,2025-11-05,chengdu,L4,battery,day,478,11,alignment,18
BATCH-00254,2026-01-01,shenzhen,L3,battery,night,149,9,packaging,42
BATCH-00255,2025-03-07,chengdu,L2,battery,swing,496,4,power,15
BATCH-00256,2025-04-01,hanoi,L4,display,swing,402,3,alignment,25
BATCH-00257,2025-07-22,chengdu,L2,sensor,day,230,5,power,39
BATCH-00258,2025-02-18,hanoi,L3,sensor,night,121,4,scratch,0
BATCH-00259,2025-07-17,hanoi,L4,controller,day,197,3,alignment,59
BATCH-00260,2026-01-13,hanoi,L3,display,day,225,10,none,32
BATCH-00261,2025-08-14,hanoi,L4,controller,day,198,3,packaging,71
BATCH-00262,2025-08-22,shenzhen,L4,sensor,day,454,10,packaging,74
BATCH-00263,2025-06-27,hanoi,L1,controller,night,309,5,alignment,19
BATCH-00264,2025-03-28,chengdu,L2,battery,swing,459,7,packaging,69
BATCH-00265,2025-01-22,suzhou,L1,sensor,day,393,7,packaging,25
BATCH-00266,2025-04-27,shenzhen,L1,sensor,day,234,6,none,91
BATCH-00267,2025-06-22,hanoi,L2,sensor,day,302,6,scratch,36
BATCH-00268,2025-06-07,chengdu,L4,sensor,swing,311,0,scratch,14
BATCH-00269,2025-04-08,suzhou,L4,controller,swing,147,0,none,42
BATCH-00270,2025-11-12,hanoi,L4,display,night,211,8,packaging,0
BATCH-00271,2025-03-30,hanoi,L2,battery,night,336,10,alignment,0
BATCH-00272,2025-05-21,chengdu,L1,controller,night,133,2,none,63
BATCH-00273,2025-06-05,hanoi,L4,controller,day,411,3,packaging,22
BATCH-00274,2025-07-24,hanoi,L1,controller,night,321,11,power,43
BATCH-00275,2025-10-28,hanoi,L4,battery,swing,126,2,alignment,42
BATCH-00276,2025-06-20,chengdu,L4,sensor,day,467,5,scratch,49
BATCH-00277,2025-09-10,chengdu,L4,battery,day,398,11,alignment,17
BATCH-00278,2025-05-09,hanoi,L3,battery,swing,405,10,power,36
BATCH-00279,2026-01-02,shenzhen,L4,battery,day,479,7,power,8
BATCH-00280,2025-10-06,hanoi,L4,display,night,236,7,none,35
BATCH-00281,2025-10-05,hanoi,L3,display,day,150,4,scratch,15
BATCH-00282,2025-03-26,suzhou,L1,battery,swing,328,8,power,56
BATCH-00283,2025-07-21,chengdu,L4,sensor,day,251,4,power,32
BATCH-00284,2025-01-31,chengdu,L4,display,night,380,21,power,42
BATCH-00285,2026-01-24,hanoi,L2,controller,day,150,3,scratch,18
BATCH-00286,2025-12-19,hanoi,L4,display,night,333,9,none,38
BATCH-00287,2025-06-27,hanoi,L3,controller,day,387,8,scratch,35
BATCH-00288,2025-10-17,hanoi,L1,controller,swing,119,1,power,28
BATCH-00289,2025-06-04,shenzhen,L1,battery,night,395,8,packaging,51
BATCH-00290,2025-06-28,suzhou,L4,display,swing,123,6,packaging,0
BATCH-00291,2025-08-05,chengdu,L4,battery,swing,375,6,alignment,39
BATCH-00292,2025-05-28,chengdu,L4,battery,day,265,8,scratch,19
BATCH-00293,2025-06-09,suzhou,L3,controller,day,397,18,none,64
BATCH-00294,2025-08-24,shenzhen,L1,sensor,night,131,3,none,24
BATCH-00295,2025-01-05,chengdu,L4,display,swing,128,4,alignment,0
BATCH-00296,2025-02-07,suzhou,L4,controller,night,319,9,packaging,33
BATCH-00297,2025-10-07,shenzhen,L4,battery,swing,140,5,packaging,0
BATCH-00298,2025-07-21,hanoi,L4,sensor,swing,210,5,none,34
BATCH-00299,2025-12-24,chengdu,L1,sensor,swing,447,7,power,17
BATCH-00300,2026-01-07,suzhou,L4,controller,day,398,9,packaging,46
BATCH-00301,2025-08-12,shenzhen,L3,display,day,486,8,none,43
BATCH-00302,2026-01-20,chengdu,L1,display,night,153,7,power,30
BATCH-00303,2025-08-19,chengdu,L3,controller,day,271,9,power,13
BATCH-00304,2025-01-29,hanoi,L1,battery,swing,271,8,alignment,42
BATCH-00305,2025-01-14,suzhou,L4,battery,swing,219,3,packaging,0
BATCH-00306,2025-09-06,shenzhen,L4,display,night,393,6,alignment,0
BATCH-00307,2025-11-23,hanoi,L4,sensor,day,230,4,scratch,29
BATCH-00308,2025-06-16,chengdu,L2,display,day,108,0,packaging,10
BATCH-00309,2025-08-24,chengdu,L2,controller,swing,410,5,scratch,35
BATCH-00310,2025-01-02,chengdu,L1,display,day,374,8,alignment,44
BATCH-00311,2025-12-23,suzhou,L1,sensor,night,279,10,packaging,0
BATCH-00312,2025-08-22,chengdu,L4,display,day,486,10,power,40
BATCH-00313,2025-02-21,hanoi,L3,display,night,263,11,power,26
BATCH-00314,2025-06-05,suzhou,L2,display,swing,313,4,power,30
BATCH-00315,2025-02-09,hanoi,L3,display,swing,182,6,packaging,65
BATCH-00316,2025-09-26,suzhou,L1,battery,night,494,17,power,17
BATCH-00317,2025-12-10,chengdu,L1,sensor,day,407,12,power,25
BATCH-00318,2026-01-06,hanoi,L4,controller,swing,368,7,alignment,5
BATCH-00319,2025-10-08,chengdu,L1,battery,night,422,13,scratch,13
BATCH-00320,2026-01-30,hanoi,L1,battery,night,405,13,none,56
BATCH-00321,2025-08-06,hanoi,L1,display,night,335,7,power,6
BATCH-00322,2025-12-17,suzhou,L3,display,swing,318,10,packaging,2
BATCH-00323,2026-01-19,chengdu,L3,sensor,swing,164,3,alignment,27
BATCH-00324,2025-06-08,chengdu,L4,battery,day,401,7,packaging,17
BATCH-00325,2025-01-11,hanoi,L1,controller,swing,376,7,power,3
BATCH-00326,2025-12-25,hanoi,L3,display,night,456,19,packaging,29
BATCH-00327,2025-04-16,hanoi,L2,display,night,481,23,alignment,6
BATCH-00328,2025-05-15,suzhou,L2,sensor,night,401,15,power,75
BATCH-00329,2026-01-12,chengdu,L3,display,day,307,13,packaging,12
BATCH-00330,2025-04-28,hanoi,L1,sensor,swing,122,1,packaging,62
BATCH-00331,2025-01-21,chengdu,L4,controller,swing,410,16,power,29
BATCH-00332,2025-09-16,suzhou,L3,battery,night,255,11,none,89
BATCH-00333,2025-09-16,shenzhen,L2,sensor,day,279,3,scratch,20
BATCH-00334,2025-07-17,hanoi,L2,controller,swing,300,5,scratch,0
BATCH-00335,2025-03-30,shenzhen,L4,display,night,158,1,alignment,13
BATCH-00336,2025-11-09,hanoi,L3,battery,day,216,8,scratch,32
BATCH-00337,2025-06-03,suzhou,L4,display,night,146,5,none,15
BATCH-00338,2026-01-20,suzhou,L1,sensor,night,355,15,alignment,53
BATCH-00339,2025-12-08,shenzhen,L1,display,night,337,10,alignment,88
BATCH-00340,2025-08-28,suzhou,L1,display,night,401,7,none,53
BATCH-00341,2025-07-31,chengdu,L1,controller,day,93,2,alignment,42
BATCH-00342,2025-05-06,hanoi,L2,controller,night,100,1,packaging,30
BATCH-00343,2025-09-20,hanoi,L3,sensor,day,407,11,scratch,28
BATCH-00344,2025-10-08,suzhou,L2,sensor,day,459,9,power,11
BATCH-00345,2025-02-10,suzhou,L3,battery,swing,176,3,none,65
BATCH-00346,2025-03-07,chengdu,L1,display,night,421,12,alignment,53
BATCH-00347,2025-07-21,hanoi,L1,display,swing,178,5,packaging,6
BATCH-00348,2025-04-03,suzhou,L4,sensor,day,470,14,alignment,13
BATCH-00349,2025-01-06,chengdu,L3,controller,day,373,12,alignment,25
BATCH-00350,2025-09-29,chengdu,L1,display,swing,300,6,power,44
BATCH-00351,2025-09-05,hanoi,L1,sensor,day,366,8,alignment,0
BATCH-00352,2025-06-06,hanoi,L2,controller,day,300,6,scratch,23
BATCH-00353,2025-07-14,suzhou,L1,sensor,day,170,3,alignment,32
BATCH-00354,2025-07-06,chengdu,L1,sensor,swing,387,8,scratch,24
BATCH-00355,2025-03-22,hanoi,L3,controller,swing,130,6,alignment,52
BATCH-00356,2025-10-12,suzhou,L1,sensor,swing,159,3,packaging,0
BATCH-00357,2025-12-26,suzhou,L4,controller,swing,140,4,packaging,0
BATCH-00358,2025-08-26,suzhou,L2,sensor,swing,186,9,packaging,36
BATCH-00359,2025-01-03,chengdu,L4,display,day,407,6,none,0
BATCH-00360,2025-11-29,suzhou,L4,controller,night,462,12,alignment,17
BATCH-00361,2025-09-19,chengdu,L1,controller,day,407,9,packaging,0
BATCH-00362,2026-01-25,hanoi,L4,controller,night,158,5,scratch,29
BATCH-00363,2025-09-26,hanoi,L3,sensor,night,156,4,packaging,11
BATCH-00364,2026-01-20,chengdu,L3,controller,swing,365,8,scratch,23
BATCH-00365,2025-03-22,shenzhen,L4,controller,night,114,3,none,10
BATCH-00366,2025-12-09,chengdu,L1,controller,day,88,2,power,2
BATCH-00367,2025-05-04,shenzhen,L1,display,night,509,14,alignment,55
BATCH-00368,2025-08-28,hanoi,L1,battery,day,444,12,scratch,47
BATCH-00369,2025-03-11,suzhou,L3,sensor,day,513,9,packaging,30
BATCH-00370,2026-01-13,chengdu,L4,battery,day,252,6,alignment,64
BATCH-00371,2025-09-03,suzhou,L1,controller,swing,500,11,none,0
BATCH-00372,2025-05-08,suzhou,L2,controller,day,365,4,power,27
BATCH-00373,2025-08-05,chengdu,L2,battery,night,141,5,packaging,15
BATCH-00374,2025-07-25,hanoi,L2,display,swing,395,7,alignment,33
BATCH-00375,2025-04-13,chengdu,L2,controller,night,316,9,none,6
BATCH-00376,2026-01-04,shenzhen,L2,display,swing,441,5,alignment,10
BATCH-00377,2026-01-14,shenzhen,L1,sensor,day,200,4,none,32
BATCH-00378,2025-11-13,shenzhen,L1,battery,night,155,2,packaging,14
BATCH-00379,2025-02-14,suzhou,L4,display,day,401,6,alignment,10
BATCH-00380,2025-03-17,shenzhen,L1,controller,swing,119,3,power,0
BATCH-00381,2025-03-11,hanoi,L4,battery,night,180,7,scratch,45
BATCH-00382,2025-05-23,chengdu,L1,sensor,day,483,9,none,49
BATCH-00383,2025-10-21,chengdu,L1,controller,night,126,4,none,29
BATCH-00384,2025-09-20,suzhou,L4,controller,day,453,12,power,6
BATCH-00385,2025-02-08,hanoi,L2,sensor,night,182,1,none,15
BATCH-00386,2026-01-19,chengdu,L2,controller,swing,466,6,scratch,35
BATCH-00387,2025-03-29,hanoi,L2,sensor,night,104,4,power,0
BATCH-00388,2025-01-02,hanoi,L3,battery,swing,255,8,alignment,44
BATCH-00389,2025-12-17,shenzhen,L3,sensor,night,299,14,none,26
BATCH-00390,2025-08-01,hanoi,L4,sensor,night,185,2,alignment,36
BATCH-00391,2025-11-02,chengdu,L2,sensor,night,432,16,power,21
BATCH-00392,2025-04-04,chengdu,L1,display,day,452,8,alignment,42
BATCH-00393,2025-05-22,suzhou,L3,battery,day,241,2,packaging,0
BATCH-00394,2025-03-10,hanoi,L1,battery,swing,338,5,packaging,45
BATCH-00395,2025-11-09,suzhou,L2,display,swing,511,12,alignment,0
BATCH-00396,2025-02-13,shenzhen,L1,battery,day,271,6,packaging,0
BATCH-00397,2025-02-12,hanoi,L3,display,swing,273,10,power,0
BATCH-00398,2025-08-05,suzhou,L4,controller,day,183,1,power,63
BATCH-00399,2026-01-03,shenzhen,L1,display,swing,227,2,none,20
BATCH-00400,2025-09-18,shenzhen,L1,display,day,483,8,none,39
BATCH-00401,2025-08-05,suzhou,L2,controller,night,400,10,scratch,29
BATCH-00402,2025-01-21,shenzhen,L3,battery,swing,428,16,packaging,0
BATCH-00403,2025-09-29,shenzhen,L4,battery,swing,306,11,power,42
BATCH-00404,2025-02-12,chengdu,L2,controller,day,87,2,none,62
BATCH-00405,2025-05-11,hanoi,L3,display,night,361,18,scratch,47
BATCH-00406,2025-01-06,hanoi,L1,battery,night,461,8,packaging,22
BATCH-00407,2025-12-26,chengdu,L4,sensor,night,81,1,alignment,53
BATCH-00408,2025-04-24,hanoi,L3,sensor,day,390,16,power,42
BATCH-00409,2026-01-06,hanoi,L1,sensor,night,222,6,scratch,52
BATCH-00410,2026-01-25,shenzhen,L3,sensor,day,485,14,power,38
BATCH-00411,2025-10-07,hanoi,L4,sensor,swing,293,6,power,0
BATCH-00412,2025-04-11,chengdu,L4,sensor,swing,214,9,power,58
BATCH-00413,2025-09-06,chengdu,L2,sensor,day,438,6,alignment,59
BATCH-00414,2025-12-08,shenzhen,L2,controller,swing,405,7,none,72
BATCH-00415,2025-12-27,suzhou,L2,display,day,495,8,scratch,21
BATCH-00416,2025-07-23,chengdu,L2,battery,night,174,3,none,46
BATCH-00417,2025-08-06,suzhou,L3,display,swing,179,2,none,38
BATCH-00418,2025-12-04,shenzhen,L1,controller,night,316,11,alignment,66
BATCH-00419,2025-08-19,hanoi,L1,sensor,swing,335,5,packaging,11
BATCH-00420,2025-02-11,shenzhen,L2,battery,swing,102,0,packaging,10
BATCH-00421,2025-01-10,hanoi,L4,display,swing,160,2,none,37
BATCH-00422,2025-01-03,hanoi,L3,controller,day,505,14,alignment,2
BATCH-00423,2025-11-27,hanoi,L2,display,swing,465,10,none,8
BATCH-00424,2025-07-12,shenzhen,L4,sensor,night,255,12,packaging,27
BATCH-00425,2025-10-21,shenzhen,L2,controller,swing,183,4,none,16
BATCH-00426,2025-06-10,hanoi,L1,controller,night,510,16,scratch,25
BATCH-00427,2025-05-18,hanoi,L3,controller,swing,82,3,scratch,46
BATCH-00428,2025-10-22,shenzhen,L2,battery,night,283,11,scratch,44
BATCH-00429,2025-02-23,suzhou,L4,display,day,96,2,scratch,0
BATCH-00430,2025-05-29,hanoi,L3,sensor,day,328,9,none,11
BATCH-00431,2025-04-07,chengdu,L2,display,day,408,5,none,30
BATCH-00432,2025-05-26,shenzhen,L2,battery,day,372,4,none,63
BATCH-00433,2025-11-08,hanoi,L2,sensor,swing,511,5,packaging,23
BATCH-00434,2025-04-23,hanoi,L4,display,night,519,22,scratch,47
BATCH-00435,2025-08-05,suzhou,L1,display,swing,355,2,scratch,15
BATCH-00436,2025-12-12,shenzhen,L4,battery,night,282,11,alignment,51
BATCH-00437,2026-01-02,hanoi,L1,controller,day,464,8,scratch,0
BATCH-00438,2026-01-25,suzhou,L4,controller,swing,134,2,packaging,12
BATCH-00439,2025-06-17,chengdu,L2,controller,night,134,5,power,28
BATCH-00440,2025-11-04,suzhou,L4,battery,swing,493,9,power,21
BATCH-00441,2025-08-13,chengdu,L4,sensor,night,397,16,alignment,66
BATCH-00442,2025-08-18,chengdu,L2,battery,night,403,8,power,53
BATCH-00443,2025-04-08,hanoi,L2,display,night,506,12,none,31
BATCH-00444,2025-12-04,shenzhen,L4,battery,swing,488,13,power,17
BATCH-00445,2025-03-20,shenzhen,L4,battery,swing,169,3,none,0
BATCH-00446,2025-12-20,suzhou,L2,controller,day,134,5,packaging,15
BATCH-00447,2025-07-10,chengdu,L1,sensor,swing,110,2,alignment,22
BATCH-00448,2025-06-07,suzhou,L1,controller,night,175,6,scratch,79
BATCH-00449,2025-03-17,hanoi,L4,controller,night,321,6,alignment,50
BATCH-00450,2025-03-23,hanoi,L1,sensor,swing,475,13,alignment,24
BATCH-00451,2025-12-04,shenzhen,L4,display,day,515,9,power,18
BATCH-00452,2025-11-07,chengdu,L2,battery,night,475,14,power,80
BATCH-00453,2025-12-10,hanoi,L4,display,night,182,3,scratch,3
BATCH-00454,2025-04-21,hanoi,L1,battery,swing,137,3,scratch,0
BATCH-00455,2025-10-22,suzhou,L3,display,swing,322,11,none,21
BATCH-00456,2025-06-22,shenzhen,L4,sensor,night,399,8,none,46
BATCH-00457,2025-01-11,suzhou,L2,controller,swing,461,9,packaging,15
BATCH-00458,2025-06-13,shenzhen,L1,battery,swing,82,1,scratch,21
BATCH-00459,2026-01-01,suzhou,L2,display,day,117,1,packaging,8
BATCH-00460,2026-01-22,chengdu,L3,battery,night,476,15,power,46
BATCH-00461,2025-02-02,hanoi,L2,display,day,315,3,scratch,29
BATCH-00462,2025-07-04,shenzhen,L3,controller,night,404,16,packaging,64
BATCH-00463,2025-05-30,shenzhen,L2,display,swing,229,4,alignment,70
BATCH-00464,2025-12-13,chengdu,L2,display,night,116,5,none,22
BATCH-00465,2025-07-13,shenzhen,L2,controller,day,286,5,none,36
BATCH-00466,2025-04-09,chengdu,L4,display,night,123,4,scratch,0
BATCH-00467,2025-03-08,chengdu,L4,controller,day,504,7,scratch,40
BATCH-00468,2026-01-17,hanoi,L2,battery,swing,97,2,packaging,48
BATCH-00469,2025-06-10,suzhou,L1,sensor,day,275,4,none,0
BATCH-00470,2026-01-12,shenzhen,L3,controller,day,275,11,power,34
BATCH-00471,2025-04-30,hanoi,L1,sensor,day,444,7,scratch,0
BATCH-00472,2025-01-17,hanoi,L3,sensor,day,341,15,scratch,87
BATCH-00473,2025-01-29,chengdu,L1,battery,day,327,7,power,35
BATCH-00474,2025-08-21,suzhou,L3,controller,swing,414,16,alignment,51
BATCH-00475,2025-03-17,shenzhen,L2,display,night,356,6,power,30
BATCH-00476,2025-09-30,hanoi,L2,controller,day,159,3,alignment,0
BATCH-00477,2025-10-12,suzhou,L3,sensor,day,337,6,alignment,8
BATCH-00478,2025-02-03,chengdu,L1,controller,night,398,13,packaging,36
BATCH-00479,2025-03-06,chengdu,L3,display,day,292,7,none,12
BATCH-00480,2025-03-12,chengdu,L1,battery,day,136,2,packaging,28
BATCH-00481,2025-05-05,hanoi,L2,battery,swing,359,6,none,80
BATCH-00482,2025-12-08,suzhou,L2,battery,day,208,2,alignment,39
BATCH-00483,2025-10-31,chengdu,L1,controller,swing,186,7,none,59
BATCH-00484,2025-06-18,shenzhen,L4,controller,swing,186,4,scratch,48
BATCH-00485,2025-11-26,chengdu,L1,controller,night,350,20,alignment,0
BATCH-00486,2025-12-17,chengdu,L1,display,swing,120,2,packaging,9
BATCH-00487,2025-03-22,hanoi,L1,display,swing,372,3,scratch,29
BATCH-00488,2025-08-20,chengdu,L2,sensor,night,354,12,power,27
BATCH-00489,2025-06-11,suzhou,L1,sensor,swing,315,6,alignment,30
BATCH-00490,2025-11-11,hanoi,L4,battery,swing,207,3,power,47
BATCH-00491,2025-05-26,suzhou,L2,sensor,night,287,7,packaging,66
BATCH-00492,2025-12-21,hanoi,L1,sensor,night,235,7,alignment,2
BATCH-00493,2025-04-28,hanoi,L1,sensor,night,206,7,packaging,43
BATCH-00494,2025-08-25,suzhou,L2,sensor,night,435,10,packaging,16
BATCH-00495,2025-07-09,shenzhen,L4,sensor,day,309,6,packaging,62
BATCH-00496,2025-07-31,suzhou,L2,display,day,103,3,scratch,29
BATCH-00497,2026-01-27,hanoi,L2,display,night,483,8,none,22
BATCH-00498,2026-01-09,shenzhen,L4,sensor,swing,140,1,none,10
BATCH-00499,2025-07-29,suzhou,L1,controller,night,485,10,packaging,34
BATCH-00500,2026-01-28,shenzhen,L1,battery,day,301,5,scratch,53
BATCH-00501,2025-09-03,shenzhen,L2,controller,night,240,9,scratch,20
BATCH-00502,2025-12-31,shenzhen,L2,display,day,449,7,alignment,5
BATCH-00503,2026-01-27,shenzhen,L4,controller,night,247,8,power,23
BATCH-00504,2025-02-15,hanoi,L4,battery,swing,195,6,power,35
BATCH-00505,2025-12-26,shenzhen,L2,display,day,130,1,scratch,3
BATCH-00506,2026-01-10,hanoi,L1,display,night,466,5,none,7
BATCH-00507,2025-01-04,hanoi,L2,display,swing,266,3,packaging,10
BATCH-00508,2025-04-27,chengdu,L3,display,swing,229,11,none,10
BATCH-00509,2025-10-29,shenzhen,L4,sensor,night,85,6,packaging,0
BATCH-00510,2025-10-25,suzhou,L3,display,night,318,17,none,68
BATCH-00511,2025-02-06,chengdu,L3,sensor,day,225,4,scratch,56
BATCH-00512,2026-01-27,chengdu,L1,display,night,376,16,power,18
BATCH-00513,2025-06-09,shenzhen,L2,controller,night,347,7,packaging,20
BATCH-00514,2025-10-19,hanoi,L2,controller,night,87,1,scratch,0
BATCH-00515,2025-07-20,chengdu,L1,display,night,136,6,none,68
BATCH-00516,2025-11-12,hanoi,L1,display,night,347,8,none,0
BATCH-00517,2025-12-08,chengdu,L2,display,swing,383,8,alignment,0
BATCH-00518,2025-06-22,chengdu,L3,sensor,swing,225,8,packaging,11
BATCH-00519,2025-10-28,hanoi,L3,controller,swing,105,5,alignment,26
BATCH-00520,2025-10-05,shenzhen,L3,controller,day,313,9,alignment,59
