order_id,order_date,region,channel,category,product,units,unit_price,discount_pct,revenue,gross_margin,returned
RSO-000001,2025-07-10,west,marketplace,home,HOM-251,3,156.41,0.2,375.38,70.63,0
RSO-000002,2026-01-28,north,marketplace,sports,SPO-760,2,68.13,0.2,109.01,36.5,0
RSO-000003,2025-04-18,west,store,home,HOM-803,2,96.45,0.19,156.25,24.35,0
RSO-000004,2025-09-19,east,partner,sports,SPO-268,4,26.29,0.06,98.85,29.13,0
RSO-000005,2025-10-25,north,marketplace,beauty,BEA-201,1,98.7,0.14,84.88,29.74,0
RSO-000006,2025-06-29,south,web,electronics,ELE-508,3,251.17,0.03,730.9,215.84,0
RSO-000007,2025-07-31,west,marketplace,beauty,BEA-197,3,45.89,0.06,129.41,49.42,0
RSO-000008,2025-10-19,east,partner,sports,SPO-657,3,249.54,0.24,568.95,135.7,0
RSO-000009,2026-03-06,north,store,electronics,ELE-264,3,348.25,0.07,971.62,253.93,0
RSO-000010,2025-10-15,east,web,sports,SPO-798,1,346.24,0.06,325.47,71.78,0
RSO-000011,2025-07-03,north,partner,electronics,ELE-119,2,344.68,0.08,634.21,208.61,0
RSO-000012,2025-01-14,west,web,home,HOM-394,1,16.37,0,16.37,7.09,0
RSO-000013,2025-07-23,south,partner,home,HOM-132,3,192.49,0,577.47,289.59,0
RSO-000014,2025-10-15,south,store,electronics,ELE-227,1,88.38,0.27,64.52,16.9,0
RSO-000015,2025-08-07,west,web,sports,SPO-690,1,64.18,0.1,57.76,17.99,0
RSO-000016,2025-05-27,south,marketplace,home,HOM-418,2,322.14,0.35,418.78,44.51,0
RSO-000017,2025-10-16,south,store,beauty,BEA-748,2,237.58,0.09,432.4,130.44,0
RSO-000018,2025-08-22,east,partner,sports,SPO-858,3,375.34,0.04,1080.98,344.12,0
RSO-000019,2025-02-22,north,web,grocery,GRO-394,1,332.83,0,332.83,86.65,0
RSO-000020,2025-04-10,west,marketplace,grocery,GRO-584,1,203.21,0.13,176.79,66.54,0
RSO-000021,2025-04-25,west,web,grocery,GRO-231,4,420.23,0.17,1395.16,582.49,0
RSO-000022,2025-03-31,east,store,beauty,BEA-388,3,462.72,0.14,1193.82,416.28,0
RSO-000023,2025-07-13,east,store,beauty,BEA-736,4,383.02,0.06,1440.16,711.08,1
RSO-000024,2025-10-09,east,web,home,HOM-276,4,25.77,0.01,102.05,59.54,0
RSO-000025,2025-06-24,west,partner,sports,SPO-722,2,112.55,0.16,189.08,55.2,0
RSO-000026,2025-07-01,west,store,grocery,GRO-893,3,281.41,0.16,709.15,159.3,0
RSO-000027,2025-08-22,west,partner,home,HOM-841,3,55.14,0.03,160.46,57.14,0
RSO-000028,2025-03-06,west,partner,beauty,BEA-732,1,293.75,0.1,264.38,86.05,0
RSO-000029,2025-11-16,west,web,beauty,BEA-508,3,349.79,0.09,954.93,352.12,0
RSO-000030,2025-07-05,south,store,beauty,BEA-356,4,204.89,0.05,778.58,289.66,0
RSO-000031,2025-10-17,north,web,sports,SPO-313,4,66.78,0.27,195.0,32.4,0
RSO-000032,2025-02-01,east,partner,grocery,GRO-362,3,305.31,0.07,851.81,201.25,0
RSO-000033,2025-10-29,north,marketplace,beauty,BEA-144,5,107.81,0.69,167.11,49.26,0
RSO-000034,2025-05-14,south,partner,home,HOM-748,4,261.71,0.18,858.41,313.06,0
RSO-000035,2026-02-24,north,marketplace,home,HOM-921,4,165.24,0.19,535.38,52.65,0
RSO-000036,2026-03-22,north,marketplace,home,HOM-554,4,274.09,0.29,778.42,302.66,0
RSO-000037,2026-02-13,south,web,sports,SPO-829,1,426.27,0.06,400.69,189.54,0
RSO-000038,2025-09-05,south,marketplace,home,HOM-729,1,318.59,0.27,232.57,64.13,0
RSO-000039,2025-11-21,north,store,home,HOM-632,4,275.8,0.23,849.46,334.75,0
RSO-000040,2026-01-26,north,partner,beauty,BEA-893,4,357.92,0,1431.68,540.22,0
RSO-000041,2025-10-22,south,marketplace,sports,SPO-252,4,172.96,0.14,594.98,282.23,1
RSO-000042,2025-04-10,west,store,electronics,ELE-634,2,99.46,0.11,177.04,39.95,0
RSO-000043,2025-02-04,west,partner,beauty,BEA-250,4,443.93,0.13,1544.88,383.91,0
RSO-000044,2025-12-13,north,marketplace,beauty,BEA-401,1,58.66,0.24,44.58,16.58,0
RSO-000045,2025-08-02,north,web,beauty,BEA-105,2,146.55,0.23,225.69,81.18,0
RSO-000046,2026-01-24,west,marketplace,electronics,ELE-220,3,148.2,0.19,360.13,93.77,0
RSO-000047,2025-06-19,north,marketplace,beauty,BEA-854,3,157.01,0.03,456.9,200.7,0
RSO-000048,2026-01-11,north,partner,beauty,BEA-471,2,335.64,0.13,584.01,173.21,0
RSO-000049,2025-05-17,south,marketplace,home,HOM-420,2,195.57,0,391.14,182.78,0
RSO-000050,2025-06-20,north,marketplace,sports,SPO-796,1,226.33,0.03,219.54,74.51,0
RSO-000051,2025-09-28,north,web,home,HOM-121,2,173.1,0.08,318.5,33.91,0
RSO-000052,2025-08-21,north,web,home,HOM-434,3,353.38,0.01,1049.54,503.12,0
RSO-000053,2025-02-01,west,marketplace,sports,SPO-113,1,385.59,0.05,366.31,90.15,0
RSO-000054,2026-03-26,south,marketplace,beauty,BEA-267,1,274.8,0.07,255.56,110.17,0
RSO-000055,2025-10-26,east,partner,home,HOM-671,1,98.28,0.19,79.61,24.29,0
RSO-000056,2026-03-25,north,web,electronics,ELE-460,4,447.24,0.07,1663.73,657.19,0
RSO-000057,2025-12-04,north,web,home,HOM-233,4,142.89,0.46,308.64,80.22,1
RSO-000058,2025-03-30,north,marketplace,home,HOM-699,2,463.61,0.28,667.6,153.41,0
RSO-000059,2025-02-02,east,marketplace,grocery,GRO-993,2,348.26,0.15,592.04,210.17,0
RSO-000060,2025-09-24,north,store,electronics,ELE-125,1,224.05,0.11,199.4,69.87,0
RSO-000061,2025-02-06,north,store,electronics,ELE-246,6,252.58,0.09,1379.09,413.89,0
RSO-000062,2025-08-02,east,partner,electronics,ELE-666,1,382.45,0.14,328.91,95.72,0
RSO-000063,2025-01-22,south,web,electronics,ELE-454,3,94.09,0.17,234.28,60.27,0
RSO-000064,2026-01-27,south,partner,home,HOM-153,3,177.72,0.22,415.86,147.69,0
RSO-000065,2026-01-07,south,marketplace,electronics,ELE-400,2,255.62,0.17,424.33,132.7,0
RSO-000066,2025-02-13,south,web,electronics,ELE-267,5,369.12,0.13,1605.67,389.84,0
RSO-000067,2025-03-16,north,store,grocery,GRO-422,2,154.29,0.29,219.09,83.2,0
RSO-000068,2025-12-30,south,store,sports,SPO-860,4,211.0,0.16,708.96,164.03,0
RSO-000069,2026-02-09,east,partner,grocery,GRO-700,3,98.3,0.13,256.56,66.57,0
RSO-000070,2025-05-26,south,web,home,HOM-114,1,323.31,0.06,303.91,26.8,0
RSO-000071,2025-02-22,east,web,sports,SPO-955,3,149.62,0.2,359.09,110.16,0
RSO-000072,2026-03-05,east,partner,electronics,ELE-477,1,48.15,0.17,39.96,9.18,0
RSO-000073,2025-03-15,east,marketplace,grocery,GRO-315,4,72.56,0.1,261.22,75.76,0
RSO-000074,2025-07-05,south,web,sports,SPO-965,6,408.26,0.08,2253.6,646.72,0
RSO-000075,2026-03-12,north,store,beauty,BEA-715,4,83.1,0.14,285.86,94.57,0
RSO-000076,2025-10-25,west,partner,beauty,BEA-760,1,129.92,0.1,116.93,22.03,0
RSO-000077,2025-12-17,west,web,grocery,GRO-826,3,91.13,0.1,246.05,55.84,0
RSO-000078,2025-02-08,south,web,beauty,BEA-291,4,49.34,0.01,195.39,78.8,0
RSO-000079,2026-03-26,north,partner,beauty,BEA-871,1,69.86,0.07,64.97,12.49,0
RSO-000080,2025-05-19,south,partner,home,HOM-929,4,424.93,0.05,1614.73,582.04,0
RSO-000081,2025-08-12,south,store,beauty,BEA-419,2,96.54,0.23,148.67,42.8,0
RSO-000082,2026-02-24,south,store,sports,SPO-166,2,146.32,0.16,245.82,75.34,0
RSO-000083,2025-08-24,north,marketplace,electronics,ELE-222,3,122.81,0.02,361.06,113.82,0
RSO-000084,2025-09-11,west,store,beauty,BEA-263,4,259.79,0.19,841.72,221.65,1
RSO-000085,2025-08-27,north,partner,electronics,ELE-665,3,380.25,0.22,889.79,193.28,0
RSO-000086,2026-02-17,west,web,grocery,GRO-953,5,172.8,0.14,743.04,243.32,0
RSO-000087,2025-10-15,north,web,sports,SPO-211,1,67.75,0.03,65.72,30.52,0
RSO-000088,2025-03-20,south,store,home,HOM-669,1,292.47,0.14,251.52,53.46,0
RSO-000089,2025-05-24,north,partner,beauty,BEA-201,3,189.37,0.14,488.57,167.47,0
RSO-000090,2025-02-04,east,store,grocery,GRO-446,2,88.98,0.14,153.05,42.43,0
RSO-000091,2025-01-21,south,marketplace,sports,SPO-636,5,190.65,0.1,857.93,222.39,0
RSO-000092,2025-04-07,north,store,sports,SPO-698,2,457.19,0,914.38,177.12,0
RSO-000093,2025-10-08,south,marketplace,home,HOM-749,4,294.6,0,1178.4,297.07,0
RSO-000094,2025-02-10,south,marketplace,sports,SPO-461,3,25.92,0.0,77.76,27.14,0
RSO-000095,2026-01-08,west,marketplace,grocery,GRO-371,5,71.96,0.12,316.62,121.19,0
RSO-000096,2025-07-29,north,web,home,HOM-943,4,60.12,0.09,218.84,78.37,0
RSO-000097,2025-10-05,north,partner,sports,SPO-779,3,105.1,0.03,305.84,92.46,0
RSO-000098,2026-01-17,north,web,electronics,ELE-316,4,385.28,0.08,1417.83,334.67,0
RSO-000099,2026-02-26,west,partner,electronics,ELE-265,5,39.2,0.1,176.4,66.19,0
RSO-000100,2025-08-29,north,web,home,HOM-561,1,166.58,0.19,134.93,34.73,0
RSO-000101,2025-05-13,south,web,grocery,GRO-932,4,180.32,0,721.28,277.97,0
RSO-000102,2025-03-14,north,web,sports,SPO-643,2,60.43,0.7,36.26,6.66,0
RSO-000103,2026-01-12,north,partner,beauty,BEA-884,2,238.77,0.13,415.46,116.16,0
RSO-000104,2025-09-28,north,marketplace,grocery,GRO-100,3,86.01,0.11,229.65,38.26,0
RSO-000105,2026-02-24,north,marketplace,sports,SPO-496,3,452.51,0.02,1330.38,397.91,0
RSO-000106,2025-05-18,south,web,electronics,ELE-931,4,96.0,0.18,314.88,71.15,0
RSO-000107,2025-02-19,north,partner,grocery,GRO-426,3,210.27,0.02,618.19,158.65,1
RSO-000108,2025-03-07,east,store,grocery,GRO-100,4,136.94,0.1,492.98,165.81,0
RSO-000109,2025-07-06,south,partner,electronics,ELE-716,3,387.68,0.05,1104.89,481.12,0
RSO-000110,2025-02-02,south,web,home,HOM-925,2,400.61,0.02,785.2,66.07,0
RSO-000111,2025-10-26,south,store,beauty,BEA-604,2,83.38,0.06,156.75,39.39,0
RSO-000112,2025-12-04,north,partner,grocery,GRO-317,3,132.77,0.16,334.58,161.23,0
RSO-000113,2025-07-11,south,store,sports,SPO-321,1,151.12,0,151.12,88.96,0
RSO-000114,2025-11-14,north,marketplace,grocery,GRO-764,2,20.64,0.21,32.61,8.94,0
RSO-000115,2025-10-06,south,store,grocery,GRO-342,2,175.02,0.13,304.53,83.57,0
RSO-000116,2025-09-10,west,web,sports,SPO-597,4,117.73,0.02,461.5,103.45,0
RSO-000117,2025-08-27,east,partner,grocery,GRO-682,3,82.06,0.14,211.71,48.25,0
RSO-000118,2025-08-15,east,marketplace,grocery,GRO-113,3,257.85,0.11,688.46,163.23,0
RSO-000119,2025-08-30,west,marketplace,home,HOM-712,4,73.55,0.14,253.01,65.68,0
RSO-000120,2026-03-16,north,partner,grocery,GRO-367,1,379.62,0.09,345.45,120.05,1
RSO-000121,2026-02-22,east,store,electronics,ELE-260,3,179.41,0.11,479.02,66.98,0
RSO-000122,2026-01-06,north,store,sports,SPO-343,3,159.85,0.08,441.19,152.97,0
RSO-000123,2025-10-27,south,partner,electronics,ELE-128,2,15.73,0.16,26.43,6.35,0
RSO-000124,2026-01-10,west,store,electronics,ELE-578,2,19.93,0.13,34.68,10.17,0
RSO-000125,2025-08-18,west,web,grocery,GRO-862,2,147.09,0.19,238.29,87.77,0
RSO-000126,2026-02-07,north,marketplace,home,HOM-767,5,68.69,0.25,257.59,70.07,0
RSO-000127,2025-01-28,south,partner,electronics,ELE-355,2,213.76,0.17,354.84,71.48,0
RSO-000128,2025-06-21,north,store,sports,SPO-573,3,113.9,0.1,307.53,124.38,0
RSO-000129,2025-08-24,west,web,home,HOM-911,2,189.48,0.12,333.48,71.89,0
RSO-000130,2025-02-02,west,marketplace,electronics,ELE-305,1,219.87,0.18,180.29,68.07,0
RSO-000131,2025-09-20,north,web,beauty,BEA-496,5,212.1,0,1060.5,340.85,0
RSO-000132,2025-10-04,east,store,sports,SPO-659,1,337.41,0.12,296.92,150.52,0
RSO-000133,2025-07-18,west,store,electronics,ELE-166,1,195.02,0.65,68.26,2.73,0
RSO-000134,2026-01-24,south,partner,home,HOM-431,2,341.17,0.12,600.46,194.88,0
RSO-000135,2025-09-30,west,partner,electronics,ELE-537,2,222.02,0.04,426.28,153.91,0
RSO-000136,2025-07-24,north,marketplace,home,HOM-895,4,213.28,0.13,742.21,249.25,1
RSO-000137,2026-03-12,south,marketplace,beauty,BEA-506,4,121.02,0.02,474.4,152.1,0
RSO-000138,2025-09-13,west,partner,beauty,BEA-260,1,356.84,0.15,303.31,79.37,0
RSO-000139,2025-07-01,north,web,grocery,GRO-839,1,54.89,0.19,44.46,10.24,0
RSO-000140,2025-02-28,west,web,home,HOM-788,1,192.94,0.14,165.93,31.69,0
RSO-000141,2025-09-28,south,partner,home,HOM-943,1,266.29,0.14,229.01,93.14,0
RSO-000142,2025-06-24,east,store,home,HOM-771,2,213.95,0.09,389.39,165.08,0
RSO-000143,2026-03-27,south,store,beauty,BEA-869,3,95.55,0.19,232.19,56.17,0
RSO-000144,2026-02-28,west,marketplace,grocery,GRO-159,3,425.4,0.05,1212.39,429.55,0
RSO-000145,2025-05-10,east,web,electronics,ELE-526,1,143.92,0.06,135.28,50.75,0
RSO-000146,2025-11-16,north,web,beauty,BEA-570,1,34.91,0.15,29.67,11.08,0
RSO-000147,2025-12-20,south,marketplace,sports,SPO-498,3,151.46,0.14,390.77,104.17,0
RSO-000148,2026-02-26,south,partner,home,HOM-633,1,338.26,0.17,280.76,53.11,1
RSO-000149,2026-01-12,east,store,grocery,GRO-250,2,269.16,0.23,414.51,132.17,0
RSO-000150,2025-02-09,west,partner,home,HOM-854,2,380.49,0.15,646.83,88.07,0
RSO-000151,2025-01-28,east,store,grocery,GRO-778,1,61.83,0.02,60.59,14.63,0
RSO-000152,2025-01-12,south,marketplace,home,HOM-732,3,90.62,0.04,260.99,70.95,0
RSO-000153,2025-04-28,north,store,sports,SPO-941,4,288.13,0,1152.52,323.68,0
RSO-000154,2025-08-12,east,store,beauty,BEA-696,4,138.04,0.07,513.51,150.28,0
RSO-000155,2025-12-30,west,web,grocery,GRO-536,3,12.23,0.1,33.02,10.63,0
RSO-000156,2025-07-28,west,marketplace,grocery,GRO-343,1,250.33,0.07,232.81,99.74,0
RSO-000157,2025-12-01,south,web,grocery,GRO-471,2,69.06,0.13,120.16,21.72,0
RSO-000158,2025-05-08,west,store,beauty,BEA-609,2,64.61,0.16,108.54,26.95,0
RSO-000159,2025-04-09,south,partner,grocery,GRO-865,4,188.07,0.08,692.1,145.41,0
RSO-000160,2025-03-09,east,store,beauty,BEA-762,5,313.38,0.02,1535.56,371.89,0
RSO-000161,2025-03-27,south,partner,beauty,BEA-230,3,50.0,0.21,118.5,47.63,0
RSO-000162,2026-02-25,north,partner,sports,SPO-912,2,231.93,0.21,366.45,112.3,0
RSO-000163,2025-03-18,east,partner,electronics,ELE-867,2,26.27,0.03,50.96,13.5,0
RSO-000164,2025-06-12,north,marketplace,sports,SPO-249,5,355.36,0,1776.8,948.05,0
RSO-000165,2025-12-11,east,web,beauty,BEA-863,4,368.37,0.07,1370.34,382.85,0
RSO-000166,2025-11-23,west,store,grocery,GRO-472,2,116.31,0,232.62,45.04,0
RSO-000167,2026-02-19,north,store,home,HOM-283,5,275.36,0.16,1156.51,288.5,0
RSO-000168,2025-09-15,south,web,grocery,GRO-410,5,313.52,0.01,1551.92,691.55,1
RSO-000169,2025-04-02,south,partner,grocery,GRO-643,1,444.48,0.13,386.7,98.98,0
RSO-000170,2025-05-21,west,marketplace,beauty,BEA-151,3,172.67,0.08,476.57,223.7,0
RSO-000171,2025-07-22,south,store,electronics,ELE-119,3,285.75,0.2,685.8,264.41,0
RSO-000172,2025-03-04,west,partner,grocery,GRO-472,3,226.51,0.1,611.58,288.87,0
RSO-000173,2025-04-11,north,marketplace,grocery,GRO-866,1,298.74,0.2,238.99,81.6,0
RSO-000174,2025-04-14,west,partner,electronics,ELE-741,1,93.35,0.61,36.41,5.93,0
RSO-000175,2025-01-21,west,partner,grocery,GRO-899,1,94.42,0.13,82.15,32.83,1
RSO-000176,2025-02-19,north,store,grocery,GRO-695,6,374.59,0.14,1932.88,506.7,0
RSO-000177,2025-06-19,east,partner,sports,SPO-656,2,432.1,0.2,691.36,154.18,1
RSO-000178,2025-06-03,north,store,electronics,ELE-621,5,145.57,0.1,655.06,227.65,0
RSO-000179,2025-04-17,west,marketplace,home,HOM-878,2,58.36,0.17,96.88,36.53,0
RSO-000180,2025-10-04,south,marketplace,sports,SPO-905,1,130.24,0.07,121.12,55.36,1
RSO-000181,2026-01-27,east,store,beauty,BEA-614,3,75.38,0.01,223.88,56.43,0
RSO-000182,2025-06-23,east,marketplace,beauty,BEA-479,3,41.55,0.13,108.45,26.64,0
RSO-000183,2025-06-18,west,marketplace,grocery,GRO-872,1,185.71,0.13,161.57,49.61,0
RSO-000184,2025-02-27,north,marketplace,home,HOM-608,3,49.7,0.1,134.19,28.4,0
RSO-000185,2025-04-11,east,partner,home,HOM-485,1,66.0,0.24,50.16,11.63,0
RSO-000186,2025-02-17,north,store,grocery,GRO-691,4,59.83,0.18,196.24,65.7,0
RSO-000187,2025-10-30,north,marketplace,sports,SPO-344,2,233.02,0.12,410.12,162.38,0
RSO-000188,2025-02-21,east,marketplace,beauty,BEA-629,3,452.05,0.13,1179.85,404.06,0
RSO-000189,2025-03-03,south,marketplace,electronics,ELE-272,2,259.69,0.13,451.86,149.44,0
RSO-000190,2025-01-31,north,web,electronics,ELE-144,2,140.17,0.19,227.08,95.85,0
RSO-000191,2025-09-15,west,marketplace,home,HOM-556,4,201.29,0.14,692.44,230.29,0
RSO-000192,2025-11-09,south,partner,grocery,GRO-335,4,279.21,0.08,1027.49,296.47,0
RSO-000193,2025-10-01,west,marketplace,home,HOM-489,2,212.42,0.17,352.62,37.63,0
RSO-000194,2026-03-18,west,store,home,HOM-560,1,206.61,0.14,177.68,55.79,0
RSO-000195,2025-06-19,east,web,electronics,ELE-692,3,397.29,0.06,1120.36,245.82,0
RSO-000196,2025-03-21,east,store,sports,SPO-476,1,251.24,0.15,213.55,62.84,0
RSO-000197,2025-10-04,east,partner,home,HOM-577,1,163.77,0.1,147.39,52.25,0
RSO-000198,2026-03-14,west,web,beauty,BEA-916,1,325.56,0.15,276.73,82.93,0
RSO-000199,2025-02-18,west,web,electronics,ELE-442,4,351.06,0.06,1319.99,415.24,0
RSO-000200,2025-07-24,south,web,electronics,ELE-948,3,12.15,0.09,33.17,10.79,0
RSO-000201,2026-01-21,west,store,electronics,ELE-829,4,227.74,0.02,892.74,285.14,0
RSO-000202,2026-02-10,west,partner,sports,SPO-923,4,128.44,0.05,488.07,136.8,0
RSO-000203,2025-02-06,north,partner,sports,SPO-291,3,43.01,0.16,108.39,8.47,0
RSO-000204,2025-08-06,west,web,grocery,GRO-858,2,261.06,0.13,454.24,108.4,0
RSO-000205,2025-09-16,south,store,sports,SPO-939,2,263.96,0.04,506.8,84.24,1
RSO-000206,2025-10-03,north,partner,grocery,GRO-701,5,83.12,0.1,374.04,44.57,0
RSO-000207,2025-11-11,west,store,sports,SPO-124,3,263.18,0.22,615.84,309.5,0
RSO-000208,2025-04-22,south,web,beauty,BEA-858,2,252.94,0.03,490.7,234.25,0
RSO-000209,2025-11-01,north,web,sports,SPO-323,2,121.95,0.17,202.44,27.85,0
RSO-000210,2026-03-04,east,store,beauty,BEA-535,3,41.75,0.06,117.73,30.13,0
RSO-000211,2025-12-15,west,partner,beauty,BEA-924,2,13.2,0.12,23.23,9.92,0
RSO-000212,2026-02-02,east,web,grocery,GRO-143,2,178.25,0.12,313.72,84.14,0
RSO-000213,2025-04-29,west,web,grocery,GRO-127,1,148.99,0.03,144.52,42.26,0
RSO-000214,2025-02-17,west,web,home,HOM-850,2,154.92,0.09,281.95,69.41,0
RSO-000215,2026-03-02,west,store,grocery,GRO-922,1,81.48,0.1,73.33,22.13,0
RSO-000216,2025-08-06,south,web,home,HOM-538,3,190.35,0.08,525.37,144.1,0
RSO-000217,2026-01-28,west,store,beauty,BEA-931,4,142.91,0.03,554.49,176.61,0
RSO-000218,2025-11-01,north,partner,beauty,BEA-941,5,77.34,0.14,332.56,103.04,0
RSO-000219,2025-02-14,west,partner,home,HOM-249,1,72.02,0.16,60.5,9.87,0
RSO-000220,2025-03-14,east,partner,beauty,BEA-343,1,96.74,0.09,88.03,15.13,0
RSO-000221,2025-06-25,south,store,grocery,GRO-286,3,405.88,0.16,1022.82,212.25,0
RSO-000222,2025-03-16,east,web,home,HOM-623,3,419.75,0,1259.25,574.7,0
RSO-000223,2025-08-26,north,marketplace,grocery,GRO-984,3,107.85,0.19,262.08,73.34,0
RSO-000224,2025-01-21,east,web,home,HOM-237,1,167.65,0.18,137.47,52.57,0
RSO-000225,2025-10-10,north,web,home,HOM-317,1,334.57,0.02,327.88,140.78,0
RSO-000226,2026-01-16,east,web,home,HOM-891,3,131.91,0.05,375.94,142.79,0
RSO-000227,2025-12-27,east,partner,grocery,GRO-670,3,365.69,0.03,1064.16,339.21,0
RSO-000228,2026-02-20,north,partner,sports,SPO-947,4,316.02,0.02,1238.8,393.94,0
RSO-000229,2025-10-13,east,partner,beauty,BEA-461,3,310.3,0.12,819.19,192.75,0
RSO-000230,2025-12-21,south,store,sports,SPO-957,2,253.85,0.14,436.62,156.5,0
RSO-000231,2025-12-18,west,partner,home,HOM-154,2,263.53,0.09,479.62,206.63,0
RSO-000232,2025-09-22,east,web,grocery,GRO-591,1,77.55,0.08,71.35,31.28,0
RSO-000233,2025-09-30,north,partner,electronics,ELE-212,4,244.09,0.04,937.31,374.21,0
RSO-000234,2025-02-04,east,marketplace,electronics,ELE-292,1,321.47,0,321.47,89.26,0
RSO-000235,2025-12-12,south,partner,electronics,ELE-308,2,86.7,0.14,149.12,47.38,0
RSO-000236,2025-08-31,west,store,beauty,BEA-107,1,258.04,0.01,255.46,83.2,0
RSO-000237,2025-12-19,north,partner,electronics,ELE-876,1,36.1,0.23,27.8,5.26,0
RSO-000238,2025-04-30,south,partner,grocery,GRO-592,1,194.05,0.19,157.18,30.2,0
RSO-000239,2025-03-15,west,store,electronics,ELE-488,5,332.47,0,1662.35,660.52,0
RSO-000240,2025-04-16,south,marketplace,electronics,ELE-314,1,482.7,0.08,444.08,143.22,0
RSO-000241,2025-07-25,north,web,sports,SPO-937,3,93.82,0.08,258.94,73.82,0
RSO-000242,2025-12-14,south,web,electronics,ELE-354,1,27.37,0.15,23.26,6.72,0
RSO-000243,2025-04-28,north,web,beauty,BEA-822,2,14.94,0.05,28.39,12.68,0
RSO-000244,2025-06-17,north,partner,sports,SPO-643,3,32.22,0.04,92.79,39.61,1
RSO-000245,2025-03-03,east,store,electronics,ELE-338,1,266.43,0.07,247.78,48.33,0
RSO-000246,2025-12-23,south,partner,grocery,GRO-871,3,243.25,0.2,583.8,194.6,1
RSO-000247,2025-01-24,north,marketplace,beauty,BEA-970,7,309.96,0.11,1931.05,357.96,0
RSO-000248,2025-09-22,west,web,sports,SPO-470,1,249.51,0.02,244.52,95.43,0
RSO-000249,2026-02-24,west,store,home,HOM-235,3,188.87,0.05,538.28,120.34,0
RSO-000250,2025-08-22,south,store,electronics,ELE-317,5,162.42,0.18,665.92,232.06,0
RSO-000251,2026-02-10,west,marketplace,sports,SPO-752,5,423.26,0.21,1671.88,596.13,0
RSO-000252,2025-01-01,south,partner,sports,SPO-875,2,243.72,0.18,399.7,91.94,0
RSO-000253,2025-11-10,west,web,sports,SPO-413,1,49.49,0.14,42.56,14.21,0
RSO-000254,2025-10-30,east,web,home,HOM-110,5,77.64,0.05,368.79,131.92,0
RSO-000255,2025-09-20,north,store,electronics,ELE-369,1,334.56,0.0,334.56,123.97,0
RSO-000256,2025-09-16,north,marketplace,grocery,GRO-228,1,304.77,0.07,283.44,105.73,0
RSO-000257,2025-07-07,west,partner,electronics,ELE-374,2,157.66,0.1,283.79,96.01,0
RSO-000258,2025-07-20,south,web,beauty,BEA-680,4,335.18,0.09,1220.06,146.87,0
RSO-000259,2025-12-17,east,store,electronics,ELE-959,1,249.59,0.07,232.12,97.26,0
RSO-000260,2025-01-22,north,web,sports,SPO-733,1,109.97,0.15,93.47,42.61,0
RSO-000261,2026-01-26,south,web,grocery,GRO-530,2,236.57,0.1,425.83,76.95,0
RSO-000262,2025-01-07,south,web,home,HOM-922,3,288.78,0.01,857.68,424.51,0
RSO-000263,2026-02-24,south,web,electronics,ELE-878,3,260.08,0.11,694.41,227.93,0
RSO-000264,2025-04-27,north,store,grocery,GRO-607,1,409.67,0.13,356.41,112.34,1
RSO-000265,2026-02-27,north,web,grocery,GRO-617,4,126.67,0,506.68,224.78,0
RSO-000266,2025-04-29,south,partner,home,HOM-773,4,91.16,0.06,342.76,58.26,0
RSO-000267,2025-08-24,west,store,beauty,BEA-160,6,322.71,0.19,1568.37,313.86,0
RSO-000268,2025-02-21,north,store,beauty,BEA-209,5,339.02,0.13,1474.74,288.64,0
RSO-000269,2025-08-24,north,store,grocery,GRO-216,2,266.47,0.09,484.98,92.49,0
RSO-000270,2026-01-30,north,partner,sports,SPO-223,2,153.74,0.14,264.43,84.59,0
RSO-000271,2025-09-08,south,web,beauty,BEA-195,6,22.47,0.01,133.47,49.84,0
RSO-000272,2025-04-19,west,partner,grocery,GRO-582,1,65.55,0.09,59.65,13.03,0
RSO-000273,2026-02-28,west,web,grocery,GRO-645,1,434.75,0.12,382.58,86.77,0
RSO-000274,2025-07-19,north,partner,home,HOM-949,1,286.37,0,286.37,123.03,0
RSO-000275,2025-01-23,east,partner,home,HOM-248,1,336.55,0.04,323.09,104.39,0
RSO-000276,2025-09-03,east,store,grocery,GRO-972,3,212.09,0.09,579.01,170.83,0
RSO-000277,2025-07-01,south,partner,sports,SPO-568,3,256.8,0.17,639.43,204.97,0
RSO-000278,2025-05-13,north,store,electronics,ELE-320,2,338.78,0.06,636.91,212.42,0
RSO-000279,2025-03-24,south,marketplace,beauty,BEA-377,5,462.69,0.1,2082.11,535.49,0
RSO-000280,2025-09-24,south,web,home,HOM-272,3,30.36,0.17,75.6,16.39,0
RSO-000281,2026-03-13,east,marketplace,sports,SPO-794,1,379.46,0.22,295.98,75.08,0
RSO-000282,2025-10-05,north,store,sports,SPO-976,3,96.85,0,290.55,88.71,0
RSO-000283,2025-08-22,east,marketplace,electronics,ELE-908,4,125.63,0.19,407.04,110.59,0
RSO-000284,2025-06-23,east,partner,electronics,ELE-492,3,389.95,0.08,1076.26,365.26,0
RSO-000285,2025-01-24,east,marketplace,electronics,ELE-912,1,279.06,0.19,226.04,83.73,0
RSO-000286,2026-03-26,south,store,grocery,GRO-877,3,308.28,0.2,739.87,187.16,0
RSO-000287,2025-05-29,east,marketplace,grocery,GRO-643,4,192.02,0,768.08,245.43,0
RSO-000288,2025-01-24,west,web,home,HOM-661,1,367.83,0.05,349.44,120.89,0
RSO-000289,2025-03-16,south,partner,beauty,BEA-210,1,278.63,0.17,231.26,93.49,0
RSO-000290,2025-01-06,east,partner,electronics,ELE-320,2,274.39,0.14,471.95,80.47,0
RSO-000291,2025-10-25,south,web,sports,SPO-731,1,332.66,0.06,312.7,87.09,0
RSO-000292,2025-06-15,north,store,sports,SPO-496,1,253.92,0,253.92,80.41,0
RSO-000293,2026-03-29,south,marketplace,electronics,ELE-924,1,178.8,0.2,143.04,36.2,0
RSO-000294,2026-01-16,north,store,sports,SPO-795,3,152.63,0.5,228.94,50.08,0
RSO-000295,2025-10-06,east,store,home,HOM-111,2,133.76,0.15,227.39,55.36,0
RSO-000296,2025-01-01,north,web,sports,SPO-435,3,208.29,0.05,593.63,219.46,0
RSO-000297,2025-10-28,north,partner,electronics,ELE-684,1,142.71,0.01,141.28,27.87,0
RSO-000298,2025-12-27,east,store,beauty,BEA-796,4,35.0,0.15,119.0,45.39,0
RSO-000299,2025-09-04,south,partner,grocery,GRO-812,3,13.51,0.05,38.5,11.91,0
RSO-000300,2025-09-12,north,marketplace,beauty,BEA-541,2,262.8,0.08,483.55,184.19,0
RSO-000301,2025-07-07,north,marketplace,beauty,BEA-404,1,263.95,0.0,263.95,118.37,0
RSO-000302,2025-04-14,west,web,sports,SPO-156,2,428.07,0.22,667.79,212.93,0
RSO-000303,2025-02-28,north,marketplace,beauty,BEA-854,3,141.89,0.09,387.36,188.93,0
RSO-000304,2025-03-03,south,partner,beauty,BEA-494,2,369.38,0.06,694.43,170.52,0
RSO-000305,2025-08-06,east,marketplace,home,HOM-126,1,25.17,0.07,23.41,6.98,0
RSO-000306,2025-01-20,north,web,sports,SPO-495,1,359.93,0.13,313.14,142.59,0
RSO-000307,2026-03-04,north,store,home,HOM-128,5,218.68,0.09,994.99,302.94,0
RSO-000308,2025-12-12,west,marketplace,home,HOM-207,4,337.21,0.1,1213.96,221.96,0
RSO-000309,2025-11-15,north,web,sports,SPO-890,3,302.37,0.05,861.75,329.47,0
RSO-000310,2025-05-13,north,marketplace,beauty,BEA-242,4,155.0,0.03,601.4,174.3,0
RSO-000311,2025-11-22,west,web,home,HOM-226,3,61.52,0.08,169.8,66.31,0
RSO-000312,2025-01-04,east,partner,home,HOM-302,3,77.18,0.15,196.81,78.57,0
RSO-000313,2025-04-05,east,web,grocery,GRO-873,1,380.91,0.08,350.44,106.55,0
RSO-000314,2025-06-03,south,store,home,HOM-195,1,442.97,0.07,411.96,84.58,0
RSO-000315,2025-04-17,east,store,grocery,GRO-211,2,210.17,0.04,403.53,146.96,0
RSO-000316,2025-12-01,east,store,home,HOM-813,4,17.07,0.16,57.36,3.09,0
RSO-000317,2025-03-29,north,web,beauty,BEA-571,1,187.22,0.08,172.24,58.41,0
RSO-000318,2025-02-03,west,web,electronics,ELE-281,2,343.86,0.03,667.09,327.85,0
RSO-000319,2025-11-18,east,marketplace,electronics,ELE-808,2,232.84,0.16,391.17,71.45,0
RSO-000320,2025-02-27,north,store,grocery,GRO-564,1,208.61,0.11,185.66,64.41,0
RSO-000321,2025-05-02,south,marketplace,electronics,ELE-177,5,174.46,0.18,715.29,150.07,0
RSO-000322,2025-07-05,east,marketplace,sports,SPO-353,3,135.47,0.04,390.15,79.97,0
RSO-000323,2025-09-10,west,partner,grocery,GRO-963,1,25.2,0,25.2,7.86,0
RSO-000324,2025-07-04,west,marketplace,home,HOM-419,2,56.11,0.12,98.75,30.26,0
RSO-000325,2025-10-05,south,store,grocery,GRO-315,3,169.72,0,509.16,145.43,0
RSO-000326,2025-03-08,east,marketplace,grocery,GRO-671,2,102.79,0.22,160.35,28.28,0
RSO-000327,2026-02-28,south,marketplace,grocery,GRO-372,2,186.29,0.28,268.26,74.37,0
RSO-000328,2026-03-13,south,store,home,HOM-106,4,126.66,0.28,364.78,136.9,0
RSO-000329,2026-03-11,east,partner,electronics,ELE-894,1,305.36,0.18,250.4,53.25,0
RSO-000330,2025-08-06,west,web,beauty,BEA-199,5,266.8,0.29,947.14,425.41,0
RSO-000331,2025-01-21,south,store,home,HOM-836,2,236.64,0.02,463.81,181.55,0
RSO-000332,2025-10-31,north,store,home,HOM-329,3,287.21,0.03,835.78,206.31,0
RSO-000333,2025-09-26,south,web,sports,SPO-593,2,361.63,0.01,716.03,163.87,0
RSO-000334,2025-11-28,south,partner,sports,SPO-639,1,139.34,0.02,136.55,29.92,1
RSO-000335,2025-04-02,north,store,grocery,GRO-256,3,184.84,0,554.52,152.97,0
RSO-000336,2025-09-11,east,store,home,HOM-550,1,96.3,0.48,50.08,12.13,1
RSO-000337,2025-12-28,south,web,beauty,BEA-882,2,321.16,0,642.32,223.78,0
RSO-000338,2025-11-06,west,marketplace,grocery,GRO-341,4,160.78,0.05,610.96,207.78,0
RSO-000339,2025-03-11,north,partner,grocery,GRO-615,4,239.83,0.1,863.39,268.84,0
RSO-000340,2025-12-20,south,marketplace,grocery,GRO-420,4,126.7,0.09,461.19,102.01,0
RSO-000341,2025-05-09,east,partner,home,HOM-163,5,453.78,0.19,1837.81,534.72,0
RSO-000342,2026-01-15,north,store,grocery,GRO-409,4,321.14,0.08,1181.8,327.97,0
RSO-000343,2025-04-13,east,web,sports,SPO-993,1,466.58,0.26,345.27,138.51,0
RSO-000344,2026-03-02,west,marketplace,beauty,BEA-729,3,165.81,0.7,149.23,19.02,0
RSO-000345,2025-06-05,west,marketplace,sports,SPO-381,4,358.53,0.12,1262.03,422.71,0
RSO-000346,2025-05-09,north,store,home,HOM-709,5,207.29,0.09,943.17,424.65,0
RSO-000347,2025-01-13,east,web,electronics,ELE-208,1,261.18,0.11,232.45,82.04,0
RSO-000348,2025-01-08,north,store,home,HOM-176,2,127.55,0.67,84.18,9.46,0
RSO-000349,2025-10-21,east,web,sports,SPO-309,1,153.26,0.12,134.87,30.95,0
RSO-000350,2026-02-18,east,marketplace,sports,SPO-682,4,59.35,0.04,227.9,47.43,0
RSO-000351,2025-07-11,east,marketplace,beauty,BEA-472,4,233.29,0.23,718.53,249.99,0
RSO-000352,2025-07-06,south,web,grocery,GRO-966,3,350.68,0.15,894.23,368.72,0
RSO-000353,2025-10-17,east,partner,beauty,BEA-895,1,124.23,0.16,104.35,41.93,0
RSO-000354,2025-09-13,north,partner,home,HOM-182,2,298.75,0.16,501.9,231.27,0
RSO-000355,2025-09-12,west,web,grocery,GRO-641,2,160.5,0.06,301.74,129.49,0
RSO-000356,2026-01-17,north,marketplace,home,HOM-185,5,287.1,0.1,1291.95,337.71,0
RSO-000357,2025-07-14,south,marketplace,home,HOM-883,1,195.88,0.13,170.42,35.14,0
RSO-000358,2025-09-14,north,web,electronics,ELE-913,1,200.23,0.65,70.08,2.8,0
RSO-000359,2025-09-18,south,marketplace,grocery,GRO-859,1,122.75,0.07,114.16,37.82,0
RSO-000360,2026-01-22,east,web,beauty,BEA-532,1,136.46,0.11,121.45,51.6,0
RSO-000361,2025-10-14,east,store,grocery,GRO-387,1,232.89,0.18,190.97,73.12,0
RSO-000362,2025-03-06,south,web,grocery,GRO-936,2,232.19,0.07,431.87,155.88,0
RSO-000363,2025-10-07,east,web,electronics,ELE-907,2,172.38,0.1,310.28,124.36,0
RSO-000364,2025-07-06,west,web,grocery,GRO-605,3,396.05,0.12,1045.57,279.84,0
RSO-000365,2025-10-16,west,web,sports,SPO-659,1,200.62,0.28,144.45,47.88,0
RSO-000366,2026-03-04,north,partner,beauty,BEA-801,1,469.66,0.05,446.18,147.62,0
RSO-000367,2026-03-25,west,web,home,HOM-225,1,167.27,0.07,155.56,42.71,0
RSO-000368,2025-01-19,west,store,home,HOM-387,3,371.12,0.06,1046.56,433.27,0
RSO-000369,2026-03-27,north,store,beauty,BEA-619,2,187.83,0.18,308.04,77.06,0
RSO-000370,2025-02-10,south,store,electronics,ELE-807,3,323.43,0.17,805.34,428.67,0
RSO-000371,2025-08-17,east,web,beauty,BEA-840,3,79.25,0,237.75,91.09,0
RSO-000372,2026-01-07,south,partner,home,HOM-324,1,223.09,0.21,176.24,55.08,0
RSO-000373,2025-10-19,north,web,grocery,GRO-326,3,242.58,0.11,647.69,239.6,0
RSO-000374,2025-07-09,north,marketplace,beauty,BEA-428,5,98.96,0,494.8,180.75,0
RSO-000375,2025-06-06,south,store,electronics,ELE-467,3,375.71,0.34,743.91,186.27,0
RSO-000376,2025-10-12,east,store,grocery,GRO-948,2,330.21,0.29,468.9,123.64,0
RSO-000377,2025-01-08,west,marketplace,electronics,ELE-702,1,65.43,0.16,54.96,27.6,0
RSO-000378,2025-12-19,east,partner,electronics,ELE-488,2,24.92,0,49.84,18.5,0
RSO-000379,2026-01-25,east,marketplace,electronics,ELE-666,4,405.46,0.06,1524.53,374.96,0
RSO-000380,2025-05-01,east,web,electronics,ELE-537,5,201.31,0.08,926.03,373.33,0
RSO-000381,2025-02-02,north,partner,home,HOM-495,2,358.44,0.14,616.52,109.84,0
RSO-000382,2026-01-01,west,store,home,HOM-682,1,233.75,0.06,219.72,84.88,0
RSO-000383,2025-09-12,north,marketplace,beauty,BEA-531,1,254.78,0.15,216.56,36.43,1
RSO-000384,2025-09-10,north,web,electronics,ELE-770,4,266.3,0.1,958.68,227.75,0
RSO-000385,2025-09-22,south,web,home,HOM-527,4,82.5,0.13,287.1,58.44,0
RSO-000386,2025-11-16,east,store,grocery,GRO-162,2,216.96,0,433.92,183.85,0
RSO-000387,2025-01-06,south,store,home,HOM-549,1,366.11,0.51,179.39,44.42,0
RSO-000388,2025-05-02,north,web,home,HOM-723,1,367.63,0.21,290.43,106.99,0
RSO-000389,2025-04-03,south,partner,electronics,ELE-167,5,426.14,0.21,1683.25,287.5,0
RSO-000390,2026-03-10,north,marketplace,home,HOM-556,5,244.22,0.25,915.82,294.48,0
RSO-000391,2025-05-28,west,marketplace,home,HOM-923,2,398.61,0.06,749.39,206.46,0
RSO-000392,2025-06-30,north,web,grocery,GRO-401,1,177.75,0.21,140.42,38.88,0
RSO-000393,2026-03-06,north,store,home,HOM-583,4,411.37,0.09,1497.39,410.26,1
RSO-000394,2025-06-07,north,partner,sports,SPO-830,3,427.64,0.02,1257.26,273.04,0
RSO-000395,2025-04-17,west,marketplace,electronics,ELE-520,4,180.3,0.19,584.17,212.68,0
RSO-000396,2025-12-10,west,partner,beauty,BEA-714,2,225.72,0.16,379.21,94.83,0
RSO-000397,2025-02-21,south,store,home,HOM-896,4,367.65,0.1,1323.54,422.12,0
RSO-000398,2026-01-23,west,marketplace,beauty,BEA-180,1,197.04,0.11,175.37,47.83,0
RSO-000399,2025-03-05,north,marketplace,grocery,GRO-748,3,86.67,0.11,231.41,72.35,0
RSO-000400,2025-08-05,east,web,home,HOM-394,2,289.86,0.16,486.96,93.01,0
RSO-000401,2026-02-22,north,web,beauty,BEA-671,5,178.55,0.08,821.33,254.75,1
RSO-000402,2025-05-20,east,marketplace,electronics,ELE-153,1,110.84,0.03,107.51,33.97,0
RSO-000403,2026-02-09,west,partner,sports,SPO-694,1,424.66,0.07,394.93,116.04,0
RSO-000404,2025-03-29,south,store,grocery,GRO-776,2,455.46,0.24,692.3,74.82,0
RSO-000405,2025-08-21,north,partner,grocery,GRO-205,5,74.64,0.61,145.55,5.82,0
RSO-000406,2025-08-14,west,partner,electronics,ELE-614,1,307.4,0,307.4,61.55,0
RSO-000407,2026-03-19,north,store,home,HOM-483,1,87.12,0.09,79.28,33.75,0
RSO-000408,2025-10-03,west,web,electronics,ELE-732,1,86.98,0.05,82.63,19.24,0
RSO-000409,2025-02-03,north,web,grocery,GRO-583,4,242.42,0.19,785.44,226.39,0
RSO-000410,2025-03-05,south,store,home,HOM-717,3,402.7,0.23,930.24,297.09,0
RSO-000411,2025-05-07,east,partner,electronics,ELE-833,1,221.37,0.09,201.45,75.59,0
RSO-000412,2025-11-04,west,marketplace,home,HOM-950,1,102.47,0.13,89.15,29.07,0
RSO-000413,2025-12-04,east,web,home,HOM-778,4,99.7,0.11,354.93,100.67,0
RSO-000414,2025-11-11,north,store,beauty,BEA-132,1,343.1,0.15,291.63,126.21,0
RSO-000415,2025-11-22,west,partner,grocery,GRO-209,2,68.34,0.11,121.65,37.05,0
RSO-000416,2025-02-06,east,marketplace,sports,SPO-246,1,437.72,0.05,415.83,110.42,0
RSO-000417,2025-12-24,east,store,electronics,ELE-574,4,244.95,0.09,891.62,356.31,0
RSO-000418,2025-11-27,east,web,grocery,GRO-892,2,110.37,0.17,183.21,45.22,0
RSO-000419,2025-02-21,west,store,grocery,GRO-300,4,157.03,0.02,615.56,291.18,0
RSO-000420,2025-08-21,north,partner,beauty,BEA-415,3,45.34,0.28,97.93,12.27,0
RSO-000421,2025-07-14,west,marketplace,electronics,ELE-456,4,233.78,0,935.12,212.48,0
RSO-000422,2025-10-17,south,marketplace,sports,SPO-610,3,219.41,0.14,566.08,169.78,1
RSO-000423,2026-02-27,south,store,beauty,BEA-563,1,91.4,0,91.4,39.13,0
RSO-000424,2026-02-24,east,partner,grocery,GRO-907,1,273.72,0.09,249.09,94.86,0
RSO-000425,2025-03-12,north,store,beauty,BEA-336,6,227.06,0.17,1130.76,250.3,0
RSO-000426,2025-04-25,west,web,sports,SPO-102,3,221.87,0.15,565.77,214.3,0
RSO-000427,2025-08-02,east,store,home,HOM-715,2,42.04,0.1,75.67,35.62,0
RSO-000428,2025-01-07,south,store,beauty,BEA-651,4,176.86,0.06,664.99,131.34,0
RSO-000429,2026-01-26,west,web,grocery,GRO-929,1,165.67,0.13,144.13,62.11,0
RSO-000430,2025-03-23,east,web,grocery,GRO-154,3,463.53,0.08,1279.34,461.22,0
RSO-000431,2025-11-06,south,partner,grocery,GRO-930,3,330.33,0.13,862.16,250.48,0
RSO-000432,2025-01-27,north,marketplace,sports,SPO-443,1,403.45,0.31,278.38,94.13,0
RSO-000433,2025-09-16,east,partner,grocery,GRO-619,1,177.65,0.72,49.74,4.18,0
RSO-000434,2025-05-21,east,store,sports,SPO-356,1,205.06,0.1,184.55,56.18,0
RSO-000435,2025-02-16,north,web,grocery,GRO-702,2,347.98,0.04,668.12,139.3,0
RSO-000436,2025-04-11,east,partner,sports,SPO-931,1,413.33,0.06,388.53,111.27,0
RSO-000437,2026-02-07,north,store,electronics,ELE-482,1,248.23,0.24,188.65,71.22,0
RSO-000438,2025-10-06,north,web,beauty,BEA-447,2,346.22,0.04,664.74,240.8,0
RSO-000439,2026-02-19,east,store,beauty,BEA-145,2,407.92,0.11,726.1,192.67,1
RSO-000440,2025-05-29,east,partner,electronics,ELE-878,4,285.16,0.09,1037.98,273.59,0
RSO-000441,2025-02-24,south,store,sports,SPO-888,5,36.6,0,183.0,52.09,0
RSO-000442,2025-12-14,north,web,electronics,ELE-995,2,193.21,0.14,332.32,88.31,0
RSO-000443,2025-08-30,north,web,home,HOM-440,2,379.1,0.18,621.72,152.13,0
RSO-000444,2025-06-20,north,store,sports,SPO-422,3,190.56,0.14,491.64,212.07,0
RSO-000445,2026-03-01,west,partner,grocery,GRO-702,1,45.44,0.27,33.17,7.35,0
RSO-000446,2025-03-16,south,marketplace,grocery,GRO-365,3,152.09,0.07,424.33,114.53,0
RSO-000447,2025-12-09,east,partner,beauty,BEA-553,4,192.75,0.1,693.9,240.55,0
RSO-000448,2025-06-01,east,marketplace,beauty,BEA-177,3,164.81,0.16,415.32,97.24,0
RSO-000449,2026-03-18,east,web,electronics,ELE-637,4,62.2,0.05,236.36,92.24,0
RSO-000450,2025-09-07,south,web,sports,SPO-533,3,247.99,0.08,684.45,222.81,0
RSO-000451,2025-10-16,south,marketplace,grocery,GRO-706,1,204.77,0.04,196.58,79.41,0
RSO-000452,2025-01-08,north,marketplace,electronics,ELE-593,1,135.58,0.19,109.82,27.27,0
RSO-000453,2026-01-07,south,web,home,HOM-661,1,179.33,0.31,123.74,33.24,0
RSO-000454,2025-01-01,south,store,grocery,GRO-939,2,343.17,0.07,638.3,259.73,0
RSO-000455,2026-01-28,east,web,electronics,ELE-401,1,46.25,0.08,42.55,9.37,0
RSO-000456,2025-09-23,north,web,home,HOM-823,2,272.33,0.04,522.87,143.09,0
RSO-000457,2025-07-17,west,web,sports,SPO-474,2,254.21,0.11,452.49,112.27,0
RSO-000458,2025-12-30,east,marketplace,electronics,ELE-531,3,28.37,0,85.11,14.42,0
RSO-000459,2025-09-22,north,partner,grocery,GRO-277,1,29.82,0.04,28.63,15.15,0
RSO-000460,2026-03-10,east,store,sports,SPO-233,1,275.01,0.07,255.76,54.6,0
RSO-000461,2025-07-07,east,partner,electronics,ELE-114,3,222.53,0.08,614.18,216.69,0
RSO-000462,2025-01-26,north,web,grocery,GRO-372,3,288.13,0,864.39,345.67,0
RSO-000463,2025-12-14,north,marketplace,home,HOM-494,2,323.1,0.14,555.73,199.02,0
RSO-000464,2025-10-30,north,partner,grocery,GRO-186,1,107.99,0.29,76.67,15.57,0
RSO-000465,2025-10-19,east,store,sports,SPO-778,3,154.1,0.34,305.12,91.8,0
RSO-000466,2026-02-09,north,marketplace,beauty,BEA-870,2,264.24,0.11,470.35,85.3,0
RSO-000467,2025-07-27,south,partner,home,HOM-218,4,204.34,0.11,727.45,184.39,0
RSO-000468,2025-08-02,east,store,electronics,ELE-279,1,302.84,0.07,281.64,103.87,0
RSO-000469,2025-06-13,south,marketplace,home,HOM-862,3,76.99,0,230.97,81.25,0
RSO-000470,2026-02-14,east,web,sports,SPO-849,1,295.43,0.1,265.89,44.46,0
RSO-000471,2026-01-02,south,store,grocery,GRO-757,2,168.97,0.07,314.28,78.95,0
RSO-000472,2026-02-21,east,web,sports,SPO-101,5,278.83,0.16,1171.09,467.28,0
RSO-000473,2026-01-08,south,partner,grocery,GRO-861,2,259.61,0.05,493.26,179.65,0
RSO-000474,2025-01-06,south,store,home,HOM-688,3,327.87,0.12,865.58,221.42,0
RSO-000475,2026-02-21,north,web,sports,SPO-306,5,308.1,0.15,1309.42,475.06,0
RSO-000476,2026-02-22,west,marketplace,grocery,GRO-399,5,229.2,0.18,939.72,237.39,0
RSO-000477,2025-12-23,north,partner,sports,SPO-182,3,77.39,0.04,222.88,76.5,0
RSO-000478,2025-03-23,north,store,sports,SPO-714,1,363.26,0.06,341.46,72.27,0
RSO-000479,2026-02-11,west,partner,grocery,GRO-111,5,76.38,0.31,263.51,41.63,1
RSO-000480,2025-05-03,east,partner,sports,SPO-858,3,55.24,0.12,145.83,46.28,0
RSO-000481,2025-02-05,east,web,grocery,GRO-432,1,372.26,0.13,323.87,111.46,0
RSO-000482,2025-07-14,south,store,sports,SPO-879,3,112.01,0.07,312.51,119.97,0
RSO-000483,2025-04-22,west,marketplace,electronics,ELE-182,6,170.81,0.01,1014.61,492.26,0
RSO-000484,2025-10-10,west,marketplace,electronics,ELE-207,2,278.73,0.22,434.82,99.13,0
RSO-000485,2025-02-16,east,store,home,HOM-190,4,338.22,0.13,1177.01,456.94,0
RSO-000486,2026-02-17,south,partner,beauty,BEA-254,6,57.0,0.11,304.38,37.53,0
RSO-000487,2025-03-27,south,web,home,HOM-189,4,29.29,0.18,96.07,29.24,0
RSO-000488,2025-12-26,west,partner,home,HOM-727,3,176.39,0.59,216.96,21.34,0
RSO-000489,2025-06-07,west,marketplace,beauty,BEA-906,4,77.08,0,308.32,86.12,0
RSO-000490,2025-04-21,south,web,home,HOM-389,2,485.2,0.11,863.66,348.92,0
RSO-000491,2026-01-10,south,partner,electronics,ELE-530,2,46.67,0.08,85.87,23.82,0
RSO-000492,2025-09-29,south,partner,electronics,ELE-548,1,340.6,0.09,309.95,88.3,0
RSO-000493,2025-11-02,east,partner,electronics,ELE-367,5,173.3,0.09,788.51,260.74,0
RSO-000494,2025-05-04,south,web,sports,SPO-741,2,197.15,0.01,390.36,123.55,0
RSO-000495,2025-02-27,south,partner,home,HOM-594,3,186.51,0,559.53,248.33,0
RSO-000496,2025-01-20,west,marketplace,home,HOM-200,4,124.93,0.08,459.74,105.02,0
RSO-000497,2025-11-26,south,web,grocery,GRO-896,1,78.26,0.09,71.22,28.85,0
RSO-000498,2025-03-24,east,web,beauty,BEA-453,1,325.61,0.04,312.59,69.66,0
RSO-000499,2025-10-23,north,marketplace,beauty,BEA-686,5,77.3,0.22,301.47,82.77,0
RSO-000500,2025-02-15,north,partner,electronics,ELE-148,1,158.53,0.28,114.14,20.65,0
RSO-000501,2026-02-12,south,marketplace,electronics,ELE-631,3,88.54,0,265.62,80.68,0
RSO-000502,2025-08-22,south,web,sports,SPO-492,1,32.31,0,32.31,10.28,0
RSO-000503,2026-01-24,south,marketplace,grocery,GRO-709,1,271.64,0.11,241.76,66.86,0
RSO-000504,2025-10-14,west,store,electronics,ELE-217,2,48.83,0.1,87.89,17.26,0
RSO-000505,2025-12-09,north,store,beauty,BEA-176,3,301.85,0,905.55,343.48,0
RSO-000506,2025-11-25,west,store,home,HOM-390,4,94.12,0,376.48,129.92,1
RSO-000507,2025-03-31,east,store,home,HOM-518,1,96.18,0.23,74.06,15.97,0
RSO-000508,2025-09-09,south,web,sports,SPO-963,4,135.2,0.1,486.72,113.24,0
RSO-000509,2025-01-28,west,partner,home,HOM-158,4,354.78,0.14,1220.44,235.85,0
RSO-000510,2025-08-27,north,partner,home,HOM-868,2,326.99,0.16,549.34,233.65,0
RSO-000511,2025-12-17,north,marketplace,sports,SPO-557,3,145.45,0.08,401.44,95.24,0
RSO-000512,2025-06-28,north,store,beauty,BEA-229,4,17.91,0.09,65.19,12.39,0
RSO-000513,2026-02-12,west,web,beauty,BEA-278,3,375.0,0.0,1125.0,393.35,0
RSO-000514,2026-01-01,north,store,sports,SPO-718,5,123.43,0.18,506.06,87.74,0
RSO-000515,2025-03-08,south,web,grocery,GRO-341,4,423.78,0.28,1220.49,399.96,0
RSO-000516,2025-01-14,south,partner,grocery,GRO-493,3,419.94,0.14,1083.45,280.01,0
RSO-000517,2025-09-23,east,store,home,HOM-987,3,116.38,0.24,265.35,73.88,0
RSO-000518,2025-11-30,west,marketplace,beauty,BEA-748,2,122.98,0.1,221.36,87.14,1
RSO-000519,2025-04-14,north,marketplace,grocery,GRO-267,2,417.71,0.01,827.07,355.43,1
RSO-000520,2025-05-07,east,partner,sports,SPO-945,4,123.07,0.01,487.36,125.91,0
RSO-000521,2025-12-26,south,web,sports,SPO-491,1,59.71,0.1,53.74,19.08,0
RSO-000522,2026-01-06,east,web,sports,SPO-286,5,221.9,0.09,1009.64,325.75,0
RSO-000523,2026-03-18,north,store,electronics,ELE-439,4,22.79,0.16,76.57,19.26,0
RSO-000524,2025-09-05,west,partner,grocery,GRO-400,2,341.15,0.14,586.78,203.15,0
RSO-000525,2025-02-11,north,partner,electronics,ELE-715,5,225.79,0.19,914.45,149.25,0
RSO-000526,2025-04-01,east,web,beauty,BEA-750,5,127.26,0.25,477.23,176.42,0
RSO-000527,2025-03-10,south,partner,sports,SPO-240,3,51.79,0.12,136.73,37.76,0
RSO-000528,2025-01-27,west,marketplace,grocery,GRO-909,5,350.32,0.18,1436.31,514.17,0
RSO-000529,2025-02-13,west,store,home,HOM-422,7,357.44,0.07,2326.93,634.29,0
RSO-000530,2026-03-22,north,partner,electronics,ELE-127,3,406.12,0.04,1169.63,518.78,0
RSO-000531,2025-06-08,north,web,grocery,GRO-799,1,229.61,0.11,204.35,82.47,0
RSO-000532,2025-12-14,north,marketplace,grocery,GRO-253,3,173.19,0.17,431.24,105.08,0
RSO-000533,2026-03-23,north,marketplace,home,HOM-926,1,257.11,0.11,228.83,90.99,0
RSO-000534,2025-01-19,south,web,home,HOM-857,3,407.29,0.15,1038.59,452.97,0
RSO-000535,2025-01-03,north,web,grocery,GRO-987,2,232.81,0.01,460.96,136.56,1
RSO-000536,2026-01-05,west,store,sports,SPO-599,2,80.89,0.05,153.69,54.63,0
RSO-000537,2025-07-30,east,web,home,HOM-105,1,206.93,0.08,190.38,65.93,0
RSO-000538,2026-03-06,east,partner,beauty,BEA-145,4,105.25,0.15,357.85,87.84,0
RSO-000539,2025-07-02,east,partner,grocery,GRO-878,3,305.29,0.04,879.24,325.58,0
RSO-000540,2025-03-23,south,partner,grocery,GRO-406,3,319.95,0,959.85,256.49,0
RSO-000541,2026-02-22,south,partner,grocery,GRO-951,3,217.32,0.1,586.76,114.53,0
RSO-000542,2025-03-19,north,store,sports,SPO-385,3,290.35,0.09,792.66,150.46,0
RSO-000543,2025-11-02,north,web,sports,SPO-756,2,114.08,0.02,223.6,51.22,0
RSO-000544,2026-01-07,south,partner,electronics,ELE-741,2,242.46,0.2,387.94,95.02,0
RSO-000545,2025-09-01,east,store,home,HOM-181,1,81.64,0.02,80.01,29.98,0
RSO-000546,2026-01-22,east,store,home,HOM-863,2,246.28,0.14,423.6,101.49,0
RSO-000547,2025-07-04,east,web,grocery,GRO-712,1,217.42,0.13,189.16,20.56,0
RSO-000548,2025-05-24,west,web,home,HOM-502,1,157.33,0.07,146.32,36.96,0
RSO-000549,2025-07-25,east,marketplace,beauty,BEA-330,5,390.02,0.16,1638.08,396.95,0
RSO-000550,2025-10-15,south,marketplace,grocery,GRO-733,6,19.28,0.05,109.9,26.61,0
RSO-000551,2025-12-20,south,marketplace,grocery,GRO-298,2,128.28,0.23,197.55,78.0,0
RSO-000552,2026-01-10,west,store,home,HOM-128,1,90.78,0.13,78.98,30.83,0
RSO-000553,2025-08-11,east,web,electronics,ELE-576,2,92.6,0.19,150.01,21.45,0
RSO-000554,2025-12-19,east,store,beauty,BEA-995,2,102.69,0.1,184.84,57.35,0
RSO-000555,2025-07-01,east,marketplace,grocery,GRO-387,1,204.28,0.05,194.07,53.16,0
RSO-000556,2026-03-08,south,web,beauty,BEA-389,2,150.77,0.75,75.39,21.63,0
RSO-000557,2025-12-08,east,web,home,HOM-215,2,333.17,0.19,539.74,123.77,0
RSO-000558,2025-11-29,south,partner,home,HOM-897,1,279.81,0.0,279.81,93.5,0
RSO-000559,2025-11-08,north,store,home,HOM-502,1,257.93,0.23,198.61,59.15,0
RSO-000560,2026-01-29,west,web,home,HOM-486,2,231.33,0.09,421.02,131.01,0
RSO-000561,2025-01-04,west,web,electronics,ELE-476,4,122.4,0.2,391.68,91.41,0
RSO-000562,2026-01-17,east,web,electronics,ELE-135,1,365.96,0.12,322.04,64.57,0
RSO-000563,2025-01-04,east,partner,sports,SPO-184,3,224.79,0.12,593.45,239.84,0
RSO-000564,2026-02-17,south,web,beauty,BEA-889,2,98.21,0.14,168.92,39.13,0
RSO-000565,2025-10-25,east,partner,electronics,ELE-284,1,114.82,0.22,89.56,34.5,0
RSO-000566,2025-11-24,east,marketplace,home,HOM-878,5,145.08,0.13,631.1,242.01,0
RSO-000567,2025-08-01,west,marketplace,electronics,ELE-116,2,152.8,0.26,226.14,37.13,0
RSO-000568,2025-02-18,south,marketplace,beauty,BEA-454,1,184.45,0.24,140.18,37.69,0
RSO-000569,2025-07-15,west,store,electronics,ELE-835,4,252.25,0.05,958.55,242.49,0
RSO-000570,2026-02-18,north,web,beauty,BEA-829,2,38.81,0.07,72.19,21.43,0
RSO-000571,2025-12-21,north,store,beauty,BEA-249,3,170.77,0.04,491.82,66.58,0
RSO-000572,2025-12-26,west,store,sports,SPO-686,4,50.15,0.0,200.6,76.79,0
RSO-000573,2025-10-01,north,marketplace,grocery,GRO-495,3,78.48,0.1,211.9,68.59,0
RSO-000574,2025-04-15,west,store,beauty,BEA-239,1,85.85,0.13,74.69,22.41,0
RSO-000575,2025-06-02,north,web,grocery,GRO-481,3,153.47,0.2,368.33,118.66,0
RSO-000576,2025-04-08,south,store,electronics,ELE-820,1,429.07,0.01,424.78,171.09,1
RSO-000577,2025-09-18,west,web,electronics,ELE-504,3,308.25,0.08,850.77,204.04,0
RSO-000578,2025-10-09,east,partner,electronics,ELE-143,1,224.95,0.05,213.7,61.35,0
RSO-000579,2026-02-26,east,marketplace,home,HOM-101,1,148.86,0.17,123.55,12.44,0
RSO-000580,2025-04-01,west,marketplace,sports,SPO-314,5,190.08,0.17,788.83,223.54,0
RSO-000581,2025-02-13,east,web,home,HOM-958,4,98.56,0.09,358.76,66.27,0
RSO-000582,2025-06-15,north,web,beauty,BEA-729,6,127.2,0.15,648.72,228.25,0
RSO-000583,2025-01-15,east,partner,electronics,ELE-520,3,41.36,0.25,93.06,10.5,0
RSO-000584,2025-11-09,north,partner,grocery,GRO-690,2,317.14,0.13,551.82,251.46,0
RSO-000585,2026-01-09,south,store,electronics,ELE-117,3,277.72,0.14,716.52,242.36,0
RSO-000586,2026-01-13,north,partner,sports,SPO-848,1,40.96,0,40.96,13.27,0
RSO-000587,2025-05-22,west,web,grocery,GRO-154,1,317.7,0.01,314.52,73.62,0
RSO-000588,2025-01-11,west,web,sports,SPO-680,3,381.88,0.13,996.71,222.9,0
RSO-000589,2025-08-11,north,store,beauty,BEA-396,3,384.68,0.01,1142.5,346.07,0
RSO-000590,2025-03-30,east,partner,grocery,GRO-753,2,301.76,0.21,476.78,166.1,0
RSO-000591,2025-07-17,west,web,grocery,GRO-216,1,282.63,0.22,220.45,33.59,0
RSO-000592,2025-07-30,south,web,beauty,BEA-475,5,132.17,0.12,581.55,218.35,0
RSO-000593,2026-03-11,south,partner,grocery,GRO-243,3,468.9,0.13,1223.83,329.4,0
RSO-000594,2025-08-05,east,partner,sports,SPO-668,5,230.82,0.1,1038.69,327.27,0
RSO-000595,2026-02-10,north,web,beauty,BEA-626,2,378.83,0,757.66,253.12,0
RSO-000596,2025-02-18,south,web,grocery,GRO-672,4,376.64,0.11,1340.84,364.94,0
RSO-000597,2025-12-14,north,store,grocery,GRO-270,1,286.74,0.01,283.87,86.24,0
RSO-000598,2025-06-06,north,web,beauty,BEA-983,2,271.6,0.12,478.02,131.26,0
RSO-000599,2025-12-30,east,web,beauty,BEA-901,3,101.22,0.23,233.82,39.69,0
RSO-000600,2025-08-31,east,store,sports,SPO-879,1,15.34,0.04,14.73,4.8,0
RSO-000601,2026-03-29,west,store,electronics,ELE-966,4,159.36,0.04,611.94,235.16,0
RSO-000602,2025-11-30,north,marketplace,home,HOM-171,1,358.31,0.07,333.23,115.12,0
RSO-000603,2025-06-29,east,store,sports,SPO-198,1,386.36,0.06,363.18,114.11,0
RSO-000604,2026-01-04,west,web,beauty,BEA-116,3,241.74,0.11,645.45,180.25,0
RSO-000605,2025-01-22,south,marketplace,electronics,ELE-998,1,272.14,0.08,250.37,107.14,0
RSO-000606,2025-07-06,south,partner,beauty,BEA-580,3,298.21,0.13,778.33,310.45,0
RSO-000607,2026-03-29,west,store,home,HOM-719,4,393.49,0.21,1243.43,204.57,0
RSO-000608,2026-02-04,south,marketplace,beauty,BEA-914,1,182.13,0.11,162.1,37.87,0
RSO-000609,2025-03-28,south,store,beauty,BEA-794,2,97.87,0.02,191.83,67.54,0
RSO-000610,2025-01-31,east,marketplace,grocery,GRO-617,2,70.06,0.2,112.1,39.83,1
RSO-000611,2026-03-01,north,web,grocery,GRO-724,2,375.11,0.06,705.21,301.11,0
RSO-000612,2025-02-03,west,partner,beauty,BEA-603,4,263.82,0.2,844.22,127.45,0
RSO-000613,2025-08-25,north,web,sports,SPO-384,1,196.05,0.1,176.45,55.91,1
RSO-000614,2026-02-02,north,marketplace,grocery,GRO-238,2,368.23,0.1,662.81,229.08,0
RSO-000615,2025-11-29,north,partner,grocery,GRO-497,2,233.54,0.21,368.99,73.5,0
RSO-000616,2025-04-01,south,store,home,HOM-187,3,113.1,0.1,305.37,51.12,0
RSO-000617,2026-02-05,south,partner,electronics,ELE-986,1,96.4,0.08,88.69,31.02,0
RSO-000618,2025-10-05,north,store,electronics,ELE-738,2,148.54,0.19,240.63,47.99,0
RSO-000619,2025-03-03,north,marketplace,beauty,BEA-745,1,22.65,0.15,19.25,4.36,0
RSO-000620,2025-01-08,east,partner,sports,SPO-836,3,307.26,0.01,912.56,244.01,0
RSO-000621,2025-10-11,north,partner,grocery,GRO-533,5,96.59,0,482.95,110.88,0
RSO-000622,2026-01-07,east,web,grocery,GRO-869,3,328.48,0.13,857.33,285.95,0
RSO-000623,2026-03-04,north,partner,sports,SPO-298,2,222.4,0.02,435.9,188.65,0
RSO-000624,2025-09-14,north,partner,electronics,ELE-419,3,119.94,0.12,316.64,100.09,0
RSO-000625,2025-09-01,west,web,beauty,BEA-959,5,184.33,0.07,857.13,190.55,0
RSO-000626,2026-03-25,south,store,beauty,BEA-656,2,52.0,0.22,81.12,17.05,0
RSO-000627,2025-07-24,west,partner,home,HOM-330,4,179.97,0,719.88,350.6,0
RSO-000628,2025-02-06,north,store,electronics,ELE-499,1,24.68,0.07,22.95,8.35,0
RSO-000629,2025-01-12,west,store,grocery,GRO-887,1,96.05,0.09,87.41,37.55,0
RSO-000630,2026-03-14,north,marketplace,grocery,GRO-972,4,214.98,0.18,705.13,252.94,0
RSO-000631,2025-11-03,north,web,home,HOM-950,1,32.84,0.11,29.23,7.39,0
RSO-000632,2026-02-05,west,web,grocery,GRO-120,3,271.58,0.08,749.56,265.16,0
RSO-000633,2025-07-01,west,partner,grocery,GRO-532,3,354.79,0.1,957.93,306.3,0
RSO-000634,2026-02-13,east,store,electronics,ELE-245,1,293.61,0.07,273.06,89.95,0
RSO-000635,2025-01-24,east,web,sports,SPO-145,2,229.29,0.11,408.14,115.57,0
RSO-000636,2025-11-15,east,web,beauty,BEA-568,5,328.03,0.03,1590.95,649.7,0
RSO-000637,2025-05-01,north,store,electronics,ELE-876,2,252.05,0.15,428.49,135.66,0
RSO-000638,2025-02-25,east,web,sports,SPO-335,3,315.77,0.04,909.42,304.37,0
RSO-000639,2025-09-29,west,marketplace,home,HOM-390,1,220.07,0.04,211.27,40.03,0
RSO-000640,2025-05-11,north,marketplace,beauty,BEA-804,1,352.73,0.11,313.93,159.56,0
RSO-000641,2025-07-11,north,web,sports,SPO-268,3,36.91,0,110.73,31.67,0
RSO-000642,2026-01-28,south,web,beauty,BEA-269,1,378.65,0.12,333.21,101.94,0
RSO-000643,2025-04-24,north,marketplace,home,HOM-232,3,136.62,0.25,307.39,35.51,0
RSO-000644,2026-02-22,south,partner,electronics,ELE-389,1,264.39,0.09,240.59,89.64,0
RSO-000645,2025-10-31,south,marketplace,beauty,BEA-209,2,140.99,0.01,279.16,91.77,0
RSO-000646,2025-09-16,east,web,home,HOM-471,1,82.54,0.2,66.03,16.13,0
RSO-000647,2025-02-27,east,store,home,HOM-980,3,161.85,0.0,485.55,200.2,1
RSO-000648,2025-09-16,south,web,sports,SPO-488,2,41.67,0.27,60.84,21.28,0
RSO-000649,2026-01-25,west,store,beauty,BEA-605,1,262.19,0.03,254.32,105.4,0
RSO-000650,2025-06-21,west,web,beauty,BEA-613,2,42.09,0.1,75.76,25.06,0
RSO-000651,2025-07-25,north,partner,electronics,ELE-349,4,180.15,0.17,598.1,141.49,0
RSO-000652,2025-02-26,north,partner,grocery,GRO-867,3,435.13,0.21,1031.26,451.69,0
RSO-000653,2025-12-18,west,web,beauty,BEA-963,3,374.7,0.27,820.59,164.3,0
RSO-000654,2026-01-08,west,partner,grocery,GRO-335,3,268.03,0.04,771.93,270.92,0
RSO-000655,2025-04-08,south,store,grocery,GRO-950,2,419.86,0.08,772.54,269.08,0
RSO-000656,2025-05-10,west,store,beauty,BEA-689,4,191.81,0.27,560.09,147.72,0
RSO-000657,2025-06-16,east,partner,grocery,GRO-235,1,335.26,0.29,238.03,49.56,0
RSO-000658,2026-03-30,east,marketplace,grocery,GRO-592,2,213.61,0.11,380.23,174.2,0
RSO-000659,2025-08-07,east,marketplace,sports,SPO-634,4,110.18,0.04,423.09,164.82,0
RSO-000660,2025-10-28,west,web,home,HOM-289,4,134.28,0.12,472.67,172.96,0
RSO-000661,2026-01-29,west,web,sports,SPO-951,1,219.74,0,219.74,88.58,0
RSO-000662,2025-08-02,north,store,electronics,ELE-529,3,75.82,0.11,202.44,78.33,0
RSO-000663,2025-07-02,east,web,electronics,ELE-515,5,124.02,0.06,582.89,117.0,0
RSO-000664,2025-02-14,north,web,home,HOM-213,1,67.57,0.25,50.68,9.99,0
RSO-000665,2025-05-26,north,web,beauty,BEA-986,4,96.42,0.45,212.12,21.82,0
RSO-000666,2026-03-03,south,partner,home,HOM-998,7,76.38,0.13,465.15,148.6,0
RSO-000667,2026-02-17,north,partner,grocery,GRO-890,4,349.77,0.15,1189.22,312.0,0
RSO-000668,2026-02-18,south,partner,beauty,BEA-544,2,216.06,0.07,401.87,90.54,0
RSO-000669,2025-09-27,west,store,sports,SPO-461,4,134.88,0.04,517.94,161.77,0
RSO-000670,2025-06-25,west,partner,home,HOM-487,1,345.9,0.17,287.1,99.62,1
RSO-000671,2026-01-23,south,store,sports,SPO-794,2,130.39,0.1,234.7,49.67,0
RSO-000672,2025-03-19,north,marketplace,home,HOM-479,1,365.45,0.02,358.14,103.69,0
RSO-000673,2025-11-09,west,web,sports,SPO-738,4,43.81,0.13,152.46,49.02,0
RSO-000674,2026-01-23,east,partner,beauty,BEA-505,4,139.31,0.21,440.22,81.8,0
RSO-000675,2025-01-03,south,partner,sports,SPO-526,4,344.29,0.06,1294.53,281.33,0
RSO-000676,2025-08-11,west,store,electronics,ELE-833,1,207.25,0.15,176.16,67.26,0
RSO-000677,2025-10-23,east,store,beauty,BEA-435,3,38.08,0.06,107.39,27.32,0
RSO-000678,2025-07-27,east,partner,electronics,ELE-608,3,24.64,0.08,68.01,21.08,0
RSO-000679,2025-11-05,east,web,electronics,ELE-771,1,228.78,0.08,210.48,51.79,0
RSO-000680,2025-03-30,east,marketplace,sports,SPO-580,3,377.74,0.12,997.23,390.96,0
RSO-000681,2025-09-13,east,marketplace,beauty,BEA-798,3,212.02,0.21,502.49,154.87,0
RSO-000682,2025-04-12,west,store,beauty,BEA-344,3,28.45,0.25,64.01,16.73,0
RSO-000683,2025-09-12,north,marketplace,grocery,GRO-974,3,266.85,0.07,744.51,209.64,0
RSO-000684,2025-02-27,east,marketplace,beauty,BEA-788,2,190.42,0.29,270.4,77.38,0
RSO-000685,2025-01-06,north,marketplace,beauty,BEA-664,1,157.61,0.09,143.43,33.51,0
RSO-000686,2025-02-02,south,marketplace,beauty,BEA-195,2,143.74,0.16,241.48,62.55,0
RSO-000687,2025-02-05,north,store,home,HOM-995,3,252.14,0.09,688.34,296.31,0
RSO-000688,2025-11-10,south,store,beauty,BEA-320,3,13.91,0.2,33.38,14.18,0
RSO-000689,2025-08-07,north,partner,grocery,GRO-114,2,238.95,0.11,425.33,138.41,0
RSO-000690,2025-09-23,east,store,home,HOM-832,2,287.78,0.21,454.69,176.42,0
RSO-000691,2025-07-25,south,partner,home,HOM-354,4,157.94,0.17,524.36,115.08,0
RSO-000692,2025-03-30,east,store,sports,SPO-706,2,192.86,0,385.72,135.2,0
RSO-000693,2026-03-27,east,store,sports,SPO-285,3,120.87,0.03,351.73,108.49,0
RSO-000694,2025-06-06,north,marketplace,sports,SPO-282,3,224.3,0.13,585.42,105.15,0
RSO-000695,2025-11-01,north,partner,beauty,BEA-517,1,278.02,0.14,239.1,121.64,0
RSO-000696,2025-02-04,north,store,electronics,ELE-225,3,137.04,0.02,402.9,155.45,0
RSO-000697,2025-02-27,west,store,electronics,ELE-282,2,226.39,0,452.78,108.5,0
RSO-000698,2025-01-28,south,partner,grocery,GRO-153,1,272.27,0,272.27,108.51,0
RSO-000699,2025-07-14,west,partner,sports,SPO-429,4,288.61,0.19,935.1,220.37,0
RSO-000700,2025-02-11,east,store,beauty,BEA-723,1,143.1,0.19,115.91,20.57,0
RSO-000701,2025-10-15,north,marketplace,home,HOM-982,4,350.61,0.09,1276.22,326.92,0
RSO-000702,2025-07-07,south,web,beauty,BEA-105,1,106.18,0.11,94.5,32.41,0
RSO-000703,2025-03-19,south,marketplace,grocery,GRO-443,4,157.96,0.17,524.43,223.86,0
RSO-000704,2025-12-02,east,web,electronics,ELE-922,1,38.27,0.05,36.36,12.03,0
RSO-000705,2026-02-15,west,partner,grocery,GRO-470,3,150.11,0.12,396.29,92.5,0
RSO-000706,2025-11-16,east,partner,sports,SPO-516,5,138.35,0.07,643.33,219.23,0
RSO-000707,2025-03-17,south,store,sports,SPO-733,5,212.75,0.73,287.21,61.29,1
RSO-000708,2026-02-28,east,marketplace,home,HOM-912,2,25.04,0.11,44.57,13.19,0
RSO-000709,2026-03-08,east,partner,sports,SPO-473,3,437.97,0.13,1143.1,340.39,0
RSO-000710,2025-12-04,south,partner,home,HOM-859,4,326.59,0,1306.36,631.32,0
RSO-000711,2025-03-12,west,store,grocery,GRO-799,5,241.72,0.19,978.97,241.99,0
RSO-000712,2025-12-18,east,web,home,HOM-740,1,173.35,0,173.35,70.99,0
RSO-000713,2025-07-16,north,partner,sports,SPO-897,2,342.3,0.13,595.6,216.0,0
RSO-000714,2025-03-28,north,web,home,HOM-367,2,36.52,0.09,66.47,14.41,0
RSO-000715,2026-03-28,south,marketplace,home,HOM-318,2,165.89,0.71,96.22,3.85,0
RSO-000716,2025-09-06,west,partner,beauty,BEA-394,4,196.81,0.02,771.5,218.48,0
RSO-000717,2025-08-18,west,marketplace,sports,SPO-641,3,218.6,0.25,491.85,89.05,1
RSO-000718,2026-03-03,east,store,sports,SPO-650,2,163.14,0.21,257.76,63.74,0
RSO-000719,2025-07-29,north,web,home,HOM-871,2,122.08,0.17,202.65,44.95,0
RSO-000720,2025-02-04,south,marketplace,beauty,BEA-608,4,417.37,0.39,1018.38,262.07,0
