month,account_id,segment,plan,region,seats,mrr,active_users,churned,expansion_mrr,support_tickets
2024-06-01,ACCT-46332,startup,enterprise,APAC,4,333.4,2,0,162.38,6
2025-09-01,ACCT-39174,enterprise,enterprise,NA,200,24168.16,94,0,0,6
2025-12-01,ACCT-91720,mid_market,basic,LATAM,70,4422.32,53,0,260.82,7
2024-09-01,ACCT-93866,startup,basic,LATAM,16,546.21,7,0,0,9
2025-05-01,ACCT-66031,enterprise,pro,NA,133,5195.73,98,0,274.61,7
2025-11-01,ACCT-14181,startup,business,APAC,25,1030.67,23,0,82.27,12
2024-11-01,ACCT-71784,mid_market,enterprise,APAC,177,20545.93,111,0,0,12
2024-05-01,ACCT-87723,mid_market,enterprise,APAC,27,2854.07,19,0,0,13
2025-11-01,ACCT-74543,startup,enterprise,NA,22,2787.28,15,0,297.02,10
2025-12-01,ACCT-43234,mid_market,business,LATAM,164,13862.62,59,0,0,1
2024-02-01,ACCT-72854,startup,basic,LATAM,9,732.43,3,0,378.46,9
2025-01-01,ACCT-46101,mid_market,business,LATAM,217,8450.74,82,0,184.32,9
2024-10-01,ACCT-10568,mid_market,pro,EMEA,195,4998.7,87,0,640.91,7
2024-02-01,ACCT-60376,enterprise,business,LATAM,122,4645.12,92,0,0,7
2024-07-01,ACCT-70173,startup,enterprise,NA,18,787.65,16,0,310.19,12
2025-07-01,ACCT-11673,enterprise,basic,EMEA,27,2034.4,23,0,47.37,15
2025-11-01,ACCT-43231,mid_market,basic,APAC,196,14468.63,154,0,0,15
2025-09-01,ACCT-73845,enterprise,enterprise,NA,232,19183.1,104,0,0,4
2025-04-01,ACCT-62984,enterprise,enterprise,NA,67,3215.53,57,0,112.66,14
2024-10-01,ACCT-79967,mid_market,basic,APAC,177,4096.97,161,0,177.81,3
2024-05-01,ACCT-77300,startup,basic,EMEA,10,859.35,3,1,0,9
2025-11-01,ACCT-80344,enterprise,enterprise,EMEA,228,13645.46,192,0,0,7
2025-01-01,ACCT-24714,enterprise,business,EMEA,14,1083.24,9,0,362.55,0
2025-10-01,ACCT-59590,mid_market,business,APAC,181,3983.65,91,0,551.42,5
2024-05-01,ACCT-61523,mid_market,basic,APAC,97,2678.94,52,0,0,2
2024-12-01,ACCT-39446,startup,basic,NA,16,449.69,7,0,236.48,10
2024-03-01,ACCT-82332,startup,basic,EMEA,20,1293.87,7,0,198.17,12
2025-06-01,ACCT-65985,enterprise,basic,LATAM,260,13778.57,213,0,184.49,14
2024-08-01,ACCT-94741,enterprise,enterprise,APAC,18,792.79,15,0,0,10
2024-04-01,ACCT-13918,startup,basic,EMEA,4,252.16,3,0,121.73,15
2024-04-01,ACCT-38518,startup,basic,NA,14,836.12,9,0,233.85,9
2025-05-01,ACCT-82150,startup,pro,EMEA,37,1044.89,28,0,0,12
2024-09-01,ACCT-57930,enterprise,basic,APAC,97,6595.24,55,0,0,6
2025-02-01,ACCT-56208,mid_market,enterprise,EMEA,95,7457.54,89,0,516.55,5
2024-06-01,ACCT-15560,enterprise,basic,APAC,98,2315.24,35,0,271.5,8
2025-07-01,ACCT-99770,mid_market,basic,LATAM,187,6946.09,66,0,0,6
2024-06-01,ACCT-27707,mid_market,business,APAC,7,295.02,5,0,454.15,8
2024-11-01,ACCT-14717,mid_market,enterprise,EMEA,97,2490.12,68,0,0,0
2025-07-01,ACCT-84087,enterprise,enterprise,EMEA,19,1010.12,11,0,44.01,3
2024-08-01,ACCT-55029,enterprise,business,EMEA,147,7627.62,134,0,50.97,2
2024-01-01,ACCT-84312,mid_market,enterprise,EMEA,123,8303.33,105,0,190.45,3
2025-01-01,ACCT-83380,mid_market,pro,APAC,148,6571.77,133,0,385.98,0
2025-09-01,ACCT-58577,mid_market,pro,EMEA,18,1278.71,6,0,213.28,10
2024-12-01,ACCT-45325,mid_market,basic,APAC,116,10075.89,42,1,0,10
2024-12-01,ACCT-53203,enterprise,business,EMEA,132,6063.06,99,0,0,0
2024-10-01,ACCT-14946,mid_market,business,LATAM,53,1939.33,30,0,79.97,7
2025-01-01,ACCT-20395,enterprise,business,APAC,257,12307.38,194,0,164.84,7
2025-09-01,ACCT-33276,startup,enterprise,EMEA,42,2929.77,18,1,0,10
2025-05-01,ACCT-33500,mid_market,pro,EMEA,150,7020.0,89,0,293.94,7
2025-02-01,ACCT-85547,mid_market,business,NA,16,1163.92,12,0,122.76,14
2024-09-01,ACCT-16475,mid_market,pro,LATAM,313,12803.59,150,0,159.14,15
2025-11-01,ACCT-74546,enterprise,business,NA,7,273.05,4,0,0,2
2025-08-01,ACCT-39629,enterprise,pro,APAC,318,28656.13,178,0,297.22,9
2025-04-01,ACCT-38818,enterprise,business,LATAM,72,6758.42,52,0,437.98,1
2024-12-01,ACCT-82259,mid_market,enterprise,LATAM,250,32761.87,110,0,152.12,3
2025-08-01,ACCT-15425,enterprise,business,LATAM,178,9648.6,69,0,43.6,11
2025-02-01,ACCT-44008,enterprise,basic,APAC,73,6866.05,48,0,0,14
2025-02-01,ACCT-46069,mid_market,enterprise,EMEA,168,17569.2,64,0,0,1
2024-11-01,ACCT-13759,mid_market,business,LATAM,157,3908.06,58,0,0,0
2024-06-01,ACCT-11531,mid_market,pro,NA,149,8571.1,118,0,422.99,1
2024-05-01,ACCT-90263,enterprise,pro,EMEA,89,3501.33,51,1,0,13
2024-05-01,ACCT-45160,startup,pro,LATAM,29,2563.03,17,0,206.78,13
2025-11-01,ACCT-16830,startup,enterprise,NA,17,474.67,7,0,129.96,12
2024-03-01,ACCT-33311,enterprise,enterprise,APAC,149,13968.2,70,0,53.72,6
2025-04-01,ACCT-19125,enterprise,business,EMEA,205,16514.39,108,0,419.28,6
2024-12-01,ACCT-77923,mid_market,enterprise,NA,257,29845.22,188,0,0,9
2024-04-01,ACCT-42901,mid_market,pro,NA,89,3221.14,57,0,51.04,9
2024-06-01,ACCT-63404,startup,pro,LATAM,8,426.24,4,0,476.59,0
2025-12-01,ACCT-28622,mid_market,basic,NA,86,4349.16,45,0,379.13,11
2024-04-01,ACCT-49725,startup,pro,LATAM,4,74.53,2,0,320.5,5
2024-09-01,ACCT-40820,startup,enterprise,LATAM,38,2937.52,33,0,289.22,13
2024-11-01,ACCT-32265,startup,pro,EMEA,21,1762.84,18,0,0,13
2025-12-01,ACCT-42502,mid_market,enterprise,NA,153,19810.72,140,0,481.8,2
2025-08-01,ACCT-33467,enterprise,enterprise,LATAM,246,28039.44,174,0,256.78,13
2024-12-01,ACCT-74508,enterprise,basic,LATAM,49,3876.94,23,0,0,1
2024-03-01,ACCT-18464,startup,enterprise,NA,29,3671.54,11,0,25.25,11
2025-02-01,ACCT-44398,startup,business,APAC,38,2156.35,28,0,152.9,11
2024-06-01,ACCT-12576,enterprise,enterprise,NA,127,6422.12,53,0,147.88,5
2025-12-01,ACCT-91283,startup,business,EMEA,32,1962.02,28,0,498.05,15
2025-01-01,ACCT-14645,enterprise,enterprise,NA,308,27154.18,258,0,339.9,1
2024-01-01,ACCT-40953,enterprise,business,LATAM,272,23609.08,164,0,850.75,12
2025-05-01,ACCT-33397,mid_market,pro,APAC,285,15338.5,209,0,0,13
2025-05-01,ACCT-43478,startup,enterprise,LATAM,28,2798.14,16,0,748.83,10
2024-01-01,ACCT-87932,startup,enterprise,LATAM,33,3027.5,27,0,372.25,14
2024-05-01,ACCT-73049,startup,business,EMEA,16,363.65,14,0,0,1
2025-01-01,ACCT-36944,mid_market,enterprise,EMEA,167,7119.48,70,0,158.37,1
2024-09-01,ACCT-60683,startup,enterprise,NA,22,1499.32,16,0,272.06,9
2025-06-01,ACCT-72626,startup,enterprise,NA,7,391.13,5,1,0,4
2024-03-01,ACCT-63803,enterprise,pro,NA,265,13396.18,199,0,394.77,13
2025-06-01,ACCT-79046,mid_market,business,APAC,294,14457.39,152,0,118.51,9
2025-09-01,ACCT-68315,enterprise,enterprise,LATAM,123,10492.98,90,0,361.67,13
2024-09-01,ACCT-51224,mid_market,enterprise,NA,50,6030.03,43,0,89.09,15
2024-05-01,ACCT-80944,mid_market,basic,LATAM,190,13842.79,134,0,51.08,5
2025-06-01,ACCT-73172,enterprise,enterprise,APAC,216,14553.16,180,0,139.88,14
2024-09-01,ACCT-31523,enterprise,basic,LATAM,16,573.41,15,0,718.78,5
2025-02-01,ACCT-58903,startup,enterprise,NA,7,781.52,3,0,103.83,11
2025-05-01,ACCT-84556,startup,enterprise,EMEA,21,1143.46,15,0,606.05,9
2024-02-01,ACCT-40654,startup,business,EMEA,9,587.23,7,0,0,3
2025-04-01,ACCT-66230,startup,enterprise,EMEA,25,1857.25,16,0,712.48,5
2024-05-01,ACCT-40294,startup,business,EMEA,13,612.46,11,0,288.04,3
2025-08-01,ACCT-42868,mid_market,pro,EMEA,173,9638.85,141,0,21.98,10
2025-03-01,ACCT-40051,mid_market,basic,LATAM,14,853.53,12,1,0,11
2025-08-01,ACCT-51834,startup,basic,EMEA,23,587.71,11,0,835.32,9
2024-08-01,ACCT-67256,startup,pro,NA,1,84.57,1,0,84.01,4
2025-01-01,ACCT-35232,enterprise,basic,APAC,230,14707.4,115,0,0,5
2024-08-01,ACCT-26269,mid_market,business,NA,99,7312.89,48,0,549.66,4
2024-01-01,ACCT-25479,mid_market,pro,LATAM,235,5756.66,161,0,0,8
2024-10-01,ACCT-32963,startup,enterprise,EMEA,15,1226.07,7,0,0,7
2024-07-01,ACCT-11832,startup,business,APAC,9,414.54,3,0,232.55,5
2025-10-01,ACCT-13250,mid_market,pro,APAC,157,6992.24,103,0,71.33,15
2025-06-01,ACCT-56766,enterprise,pro,APAC,255,17832.4,205,0,337.25,8
2025-08-01,ACCT-53732,startup,business,NA,17,313.79,14,0,0,9
2025-09-01,ACCT-85819,mid_market,pro,EMEA,208,5356.44,89,0,669.59,5
2025-03-01,ACCT-23237,mid_market,basic,APAC,175,10303.99,70,0,0,1
2025-06-01,ACCT-19960,startup,enterprise,APAC,13,490.79,6,0,183.23,2
2024-06-01,ACCT-62428,enterprise,enterprise,EMEA,175,19849.61,62,0,253.74,13
2024-05-01,ACCT-17431,enterprise,enterprise,APAC,39,1086.54,29,0,44.32,10
2024-09-01,ACCT-97708,startup,enterprise,LATAM,29,854.08,19,0,149.81,7
2025-05-01,ACCT-29457,startup,basic,EMEA,37,1926.26,15,0,0,5
2024-12-01,ACCT-28068,startup,pro,LATAM,40,3123.59,31,0,297.59,8
2025-01-01,ACCT-79248,startup,enterprise,LATAM,13,1642.56,4,0,186.55,7
2024-07-01,ACCT-65387,mid_market,basic,NA,60,3033.56,36,1,0,13
2025-12-01,ACCT-94176,mid_market,pro,NA,173,3220.8,132,0,66.69,5
2024-12-01,ACCT-63635,enterprise,business,EMEA,276,17367.21,123,0,434.08,15
2025-05-01,ACCT-43354,enterprise,basic,APAC,160,3395.14,148,0,0,13
2024-03-01,ACCT-64287,startup,pro,EMEA,9,717.35,8,0,71.78,8
2025-05-01,ACCT-76197,mid_market,enterprise,NA,123,11449.45,111,0,231.39,5
2025-10-01,ACCT-36909,enterprise,basic,LATAM,120,2774.06,86,0,314.31,12
2024-05-01,ACCT-11508,enterprise,business,EMEA,194,4075.62,111,0,0,9
2024-04-01,ACCT-93839,startup,enterprise,APAC,23,2282.27,19,0,413.25,12
2025-12-01,ACCT-71828,enterprise,business,APAC,133,4988.42,57,0,80.24,11
2024-02-01,ACCT-80701,startup,business,EMEA,13,357.71,9,0,0,7
2025-06-01,ACCT-30337,mid_market,pro,APAC,204,13767.1,172,0,0,7
2024-01-01,ACCT-34010,mid_market,enterprise,LATAM,77,9364.31,42,0,524.44,13
2024-04-01,ACCT-53743,enterprise,enterprise,APAC,255,24437.34,133,0,235.78,6
2025-10-01,ACCT-88176,mid_market,enterprise,NA,299,25974.56,125,0,487.75,1
2024-05-01,ACCT-21781,enterprise,enterprise,EMEA,137,16897.32,63,0,0,15
2024-01-01,ACCT-51021,mid_market,basic,LATAM,184,15378.25,153,0,451.18,5
2025-02-01,ACCT-12877,startup,business,APAC,3,183.44,1,0,319.58,2
2025-06-01,ACCT-81600,enterprise,enterprise,LATAM,222,23062.2,205,0,414.9,3
2025-01-01,ACCT-20874,mid_market,basic,APAC,229,19118.8,155,0,435.37,2
2024-10-01,ACCT-44880,mid_market,business,EMEA,235,16932.64,149,0,0,13
2024-08-01,ACCT-40092,enterprise,pro,NA,202,8831.8,133,0,225.08,8
2024-10-01,ACCT-61085,mid_market,basic,NA,41,1783.68,17,0,147.51,6
2024-10-01,ACCT-61952,startup,business,NA,44,2613.3,18,0,167.1,8
2025-02-01,ACCT-68372,mid_market,pro,APAC,31,729.45,11,0,335.8,4
2025-03-01,ACCT-55106,mid_market,business,APAC,102,4676.79,45,0,0,11
2024-02-01,ACCT-70415,enterprise,basic,LATAM,238,20285.2,142,0,396.25,11
2025-10-01,ACCT-74288,enterprise,business,APAC,142,4156.84,87,0,0,7
2024-04-01,ACCT-71916,startup,basic,NA,19,1376.05,6,0,447.7,15
2024-01-01,ACCT-19747,startup,pro,APAC,24,993.87,14,0,54.58,8
2024-10-01,ACCT-98611,enterprise,basic,APAC,86,4221.5,38,0,284.43,6
2025-04-01,ACCT-99319,startup,basic,NA,9,180.51,6,0,0,3
2025-12-01,ACCT-91738,mid_market,enterprise,EMEA,300,21092.61,167,0,155.0,8
2025-05-01,ACCT-82373,mid_market,basic,APAC,92,7471.35,58,0,290.69,1
2025-08-01,ACCT-28425,enterprise,business,EMEA,219,10162.61,166,0,181.44,5
2025-04-01,ACCT-94824,mid_market,business,EMEA,166,5466.39,92,0,0,2
2024-09-01,ACCT-66916,mid_market,business,NA,83,4772.29,38,0,696.97,2
2024-12-01,ACCT-39685,mid_market,pro,LATAM,78,5194.84,36,0,578.96,12
2025-02-01,ACCT-91238,enterprise,enterprise,LATAM,154,4065.83,116,0,0,10
2025-02-01,ACCT-71291,enterprise,basic,NA,184,3799.59,113,0,217.65,8
2024-03-01,ACCT-28870,enterprise,enterprise,LATAM,319,17004.71,213,0,0,9
2024-05-01,ACCT-10988,enterprise,basic,NA,8,177.15,7,0,0,6
2024-11-01,ACCT-96106,mid_market,enterprise,EMEA,14,737.67,8,0,655.74,5
2025-06-01,ACCT-18332,mid_market,basic,NA,154,2920.94,119,0,434.41,15
2025-08-01,ACCT-26705,startup,enterprise,LATAM,20,1453.16,7,0,0,8
2025-02-01,ACCT-43840,enterprise,pro,EMEA,256,13278.4,187,0,531.97,15
2024-04-01,ACCT-86092,mid_market,basic,EMEA,121,3081.54,65,0,295.92,10
2025-01-01,ACCT-34099,startup,business,EMEA,32,2408.14,30,0,276.52,7
2025-08-01,ACCT-97795,startup,business,NA,37,1970.78,19,0,0,3
2024-02-01,ACCT-70767,enterprise,pro,EMEA,215,12643.49,165,0,226.0,5
2025-09-01,ACCT-61909,enterprise,pro,APAC,56,2354.29,31,0,276.47,7
2025-07-01,ACCT-54321,startup,business,LATAM,44,3390.21,42,1,0,1
2025-10-01,ACCT-47206,mid_market,business,APAC,126,4586.25,105,0,0,6
2024-08-01,ACCT-76875,startup,pro,NA,20,1296.16,18,0,301.23,1
2024-04-01,ACCT-20597,mid_market,business,APAC,83,7803.63,54,0,175.46,9
2024-09-01,ACCT-39907,startup,business,APAC,28,1708.09,16,0,123.78,13
2024-08-01,ACCT-66920,mid_market,business,LATAM,215,13488.81,159,0,83.98,7
2024-07-01,ACCT-19295,startup,business,EMEA,11,860.5,6,0,179.15,12
2024-06-01,ACCT-23729,startup,enterprise,NA,20,933.38,8,0,70.96,8
2025-10-01,ACCT-71301,mid_market,enterprise,NA,103,10831.64,59,0,0,10
2024-11-01,ACCT-47461,mid_market,business,NA,271,9848.62,146,0,147.32,12
2024-09-01,ACCT-88458,mid_market,enterprise,NA,224,20337.62,186,0,0,8
2024-02-01,ACCT-92357,mid_market,basic,LATAM,130,7302.09,95,1,0,9
2024-03-01,ACCT-42150,enterprise,pro,EMEA,214,4902.82,153,0,283.5,9
2024-02-01,ACCT-63972,enterprise,business,EMEA,142,5244.91,115,0,131.56,2
2024-09-01,ACCT-66950,enterprise,enterprise,APAC,261,13061.09,229,0,696.51,4
2024-06-01,ACCT-77603,enterprise,enterprise,APAC,172,9125.1,87,0,355.01,9
2024-12-01,ACCT-47821,mid_market,basic,LATAM,92,6192.66,72,0,0,7
2024-09-01,ACCT-19025,mid_market,basic,NA,270,9068.21,152,0,224.41,5
2025-09-01,ACCT-63724,startup,basic,EMEA,24,1090.36,22,0,223.9,0
2025-07-01,ACCT-57181,mid_market,basic,NA,44,3036.03,27,0,0,3
2024-04-01,ACCT-44302,mid_market,enterprise,EMEA,177,19127.41,163,0,155.69,13
2025-07-01,ACCT-37016,mid_market,basic,APAC,312,28533.36,137,1,0,14
2025-09-01,ACCT-10238,mid_market,basic,EMEA,77,4465.37,51,1,0,14
2024-10-01,ACCT-29307,startup,business,APAC,43,1447.42,31,0,84.0,12
2024-08-01,ACCT-20217,enterprise,business,LATAM,147,4661.57,131,0,0,3
2024-03-01,ACCT-81761,enterprise,enterprise,EMEA,300,23769.69,225,0,286.94,11
2025-04-01,ACCT-56649,startup,basic,NA,37,1074.58,13,1,0,13
2025-02-01,ACCT-52008,startup,pro,EMEA,17,805.56,12,0,307.29,6
2025-09-01,ACCT-56804,enterprise,pro,EMEA,128,4940.75,103,0,220.8,8
2025-10-01,ACCT-33267,enterprise,business,LATAM,110,5838.49,59,0,336.99,12
2024-09-01,ACCT-18139,mid_market,enterprise,LATAM,181,22261.33,68,0,698.22,4
2025-05-01,ACCT-79672,startup,business,NA,44,3897.0,23,0,254.0,6
2024-03-01,ACCT-46333,startup,basic,NA,2,80.16,1,1,0,4
2025-06-01,ACCT-48374,startup,basic,EMEA,23,1657.28,13,1,0,4
2024-04-01,ACCT-69747,mid_market,pro,NA,163,8224.33,118,0,11.26,3
2024-06-01,ACCT-42759,startup,business,NA,13,716.55,11,0,114.77,12
2024-05-01,ACCT-58733,enterprise,business,LATAM,137,9039.76,51,0,131.44,8
2025-01-01,ACCT-56063,startup,enterprise,EMEA,24,2657.61,12,0,0,5
2025-11-01,ACCT-91145,startup,pro,APAC,17,858.01,13,0,0,13
2024-07-01,ACCT-89199,startup,basic,APAC,9,492.82,5,0,745.71,11
2025-01-01,ACCT-20037,startup,basic,LATAM,35,2646.11,16,0,484.36,15
2024-04-01,ACCT-35488,startup,business,APAC,27,1504.86,17,0,145.52,1
2025-08-01,ACCT-58992,startup,pro,LATAM,26,489.09,13,0,0,1
2024-12-01,ACCT-92155,mid_market,basic,APAC,127,3294.72,66,0,352.11,10
2025-09-01,ACCT-83007,mid_market,business,EMEA,292,14397.32,121,0,0,13
2025-02-01,ACCT-66348,enterprise,basic,NA,193,3774.31,103,0,0,9
2025-02-01,ACCT-56920,mid_market,basic,EMEA,186,8696.05,130,0,0,3
2024-11-01,ACCT-55661,enterprise,pro,EMEA,293,17921.45,169,0,456.33,1
2024-06-01,ACCT-38722,mid_market,pro,EMEA,202,14464.63,72,1,0,3
2024-04-01,ACCT-67995,startup,pro,LATAM,7,200.17,5,0,281.47,7
2025-07-01,ACCT-14950,mid_market,enterprise,LATAM,193,7129.24,165,0,0.99,13
2024-08-01,ACCT-75340,enterprise,basic,EMEA,319,29333.59,289,0,381.94,4
2024-09-01,ACCT-13730,enterprise,pro,LATAM,120,11368.46,85,0,374.47,11
2025-06-01,ACCT-34536,enterprise,business,APAC,86,4488.76,57,0,455.97,0
2025-06-01,ACCT-71723,enterprise,business,EMEA,318,21783.81,236,0,230.38,5
2025-11-01,ACCT-92715,mid_market,basic,EMEA,207,9810.32,121,0,0,12
2024-07-01,ACCT-89230,enterprise,enterprise,LATAM,318,13348.15,204,1,0,5
2025-02-01,ACCT-20131,enterprise,pro,EMEA,19,957.62,12,0,349.71,11
2024-01-01,ACCT-25683,startup,enterprise,NA,26,2951.17,17,0,217.45,5
2024-05-01,ACCT-59800,startup,business,APAC,2,146.83,1,1,0,3
2024-08-01,ACCT-29829,mid_market,pro,NA,159,8401.72,55,0,555.35,2
2024-12-01,ACCT-42076,enterprise,basic,LATAM,162,13211.36,152,0,695.12,15
2025-02-01,ACCT-70625,mid_market,pro,LATAM,151,6120.61,126,0,450.73,10
2025-04-01,ACCT-93573,enterprise,basic,APAC,208,17098.14,109,0,0,15
2025-04-01,ACCT-84522,mid_market,pro,LATAM,229,4779.2,198,0,411.6,6
2025-02-01,ACCT-25629,mid_market,business,LATAM,244,9913.35,214,0,223.99,9
2024-04-01,ACCT-14464,enterprise,basic,LATAM,212,13284.78,102,0,301.63,4
2025-09-01,ACCT-41484,enterprise,business,EMEA,178,8956.92,77,0,216.9,5
2025-04-01,ACCT-91117,startup,enterprise,EMEA,11,1307.76,10,0,255.33,1
2025-01-01,ACCT-33745,enterprise,basic,LATAM,270,18517.21,183,0,328.24,9
2024-07-01,ACCT-68267,startup,basic,NA,3,158.15,1,0,40.37,5
2025-02-01,ACCT-87055,mid_market,pro,EMEA,95,6488.16,35,0,28.63,12
2025-07-01,ACCT-75361,mid_market,pro,LATAM,150,12088.66,116,0,579.16,14
2024-02-01,ACCT-62104,enterprise,business,LATAM,309,24537.32,201,0,0,2
2024-12-01,ACCT-74392,startup,basic,NA,20,1809.27,8,0,570.03,11
2025-01-01,ACCT-72335,enterprise,business,NA,28,1922.48,24,0,442.63,2
2024-07-01,ACCT-24944,startup,business,NA,15,1123.0,7,0,159.05,0
2024-12-01,ACCT-71738,startup,basic,NA,10,366.31,6,0,101.55,7
2024-05-01,ACCT-57433,mid_market,enterprise,EMEA,202,7669.25,85,0,57.13,2
2025-03-01,ACCT-18187,startup,basic,LATAM,38,1849.46,20,0,466.4,5
2024-11-01,ACCT-93677,mid_market,pro,NA,169,13810.47,89,0,0,12
2024-02-01,ACCT-11944,enterprise,enterprise,EMEA,68,7998.36,35,0,0,7
2024-07-01,ACCT-36612,mid_market,enterprise,LATAM,185,6438.27,106,0,22.71,13
2024-10-01,ACCT-90251,enterprise,basic,LATAM,47,1459.26,23,0,0,9
2025-01-01,ACCT-65386,startup,business,LATAM,9,575.73,3,1,0,15
2024-05-01,ACCT-22852,enterprise,enterprise,APAC,224,20202.34,170,0,132.51,14
2025-10-01,ACCT-50541,startup,enterprise,EMEA,11,614.74,9,1,0,4
2025-11-01,ACCT-17117,enterprise,basic,EMEA,235,12977.45,123,0,0,3
2024-11-01,ACCT-92722,enterprise,business,NA,150,11369.03,140,0,430.46,12
2024-12-01,ACCT-32038,startup,business,LATAM,35,2268.03,32,0,791.07,2
2025-07-01,ACCT-86409,mid_market,business,NA,77,4399.38,60,0,371.05,6
2024-02-01,ACCT-72549,mid_market,business,APAC,230,16136.52,204,0,185.14,5
2024-02-01,ACCT-47456,mid_market,basic,EMEA,265,20631.74,156,0,262.65,6
2024-12-01,ACCT-11882,mid_market,basic,EMEA,218,14562.99,126,0,161.98,10
2024-01-01,ACCT-38386,mid_market,pro,APAC,53,3855.57,22,0,133.51,7
2024-05-01,ACCT-24842,mid_market,business,NA,217,8391.57,132,0,120.13,5
2024-09-01,ACCT-26356,mid_market,business,NA,239,4974.05,169,0,0,12
2024-09-01,ACCT-98586,enterprise,business,EMEA,265,20214.46,146,0,0,9
2025-07-01,ACCT-15067,enterprise,pro,NA,146,5724.89,125,0,605.4,12
2025-02-01,ACCT-45154,enterprise,pro,EMEA,272,8145.17,117,0,0,6
2024-01-01,ACCT-57051,startup,business,NA,15,389.85,6,0,461.96,14
2024-12-01,ACCT-97480,startup,enterprise,NA,5,380.76,3,0,238.96,12
2025-10-01,ACCT-66899,startup,business,EMEA,11,261.04,6,0,0,11
2024-06-01,ACCT-82596,enterprise,pro,NA,249,4678.87,152,0,0,3
2025-07-01,ACCT-44368,startup,business,EMEA,13,806.0,6,0,203.24,5
2024-10-01,ACCT-79273,startup,enterprise,APAC,37,3629.06,28,0,107.68,5
2025-11-01,ACCT-43609,startup,pro,EMEA,14,482.54,5,0,0,1
2024-01-01,ACCT-18369,startup,business,APAC,36,2682.45,25,0,376.83,5
2025-08-01,ACCT-74744,enterprise,pro,EMEA,259,14598.46,93,0,440.34,3
2025-10-01,ACCT-69028,mid_market,basic,NA,168,10693.63,82,0,246.8,10
2024-12-01,ACCT-40346,startup,pro,NA,11,695.84,5,0,349.53,12
2024-06-01,ACCT-59859,enterprise,enterprise,NA,168,21531.28,98,0,0,11
2024-07-01,ACCT-11273,startup,enterprise,NA,16,2004.35,7,0,0,0
2025-06-01,ACCT-90335,enterprise,business,APAC,300,12279.1,118,0,0,4
2025-03-01,ACCT-94853,startup,pro,APAC,26,2306.88,10,0,231.95,3
2025-08-01,ACCT-37106,mid_market,business,EMEA,109,8498.19,83,0,469.41,6
2025-08-01,ACCT-70331,enterprise,enterprise,APAC,139,14024.68,112,0,0,7
2024-04-01,ACCT-87905,mid_market,enterprise,EMEA,288,21539.82,139,0,0,15
2025-12-01,ACCT-68816,enterprise,business,NA,87,4115.17,44,0,419.97,0
2025-07-01,ACCT-52162,startup,basic,EMEA,37,3364.04,25,0,398.31,9
2024-08-01,ACCT-85442,enterprise,business,EMEA,262,6419.99,153,0,637.77,6
2024-10-01,ACCT-89090,mid_market,basic,APAC,220,9842.22,173,0,480.95,6
2025-08-01,ACCT-73868,mid_market,business,EMEA,251,13291.34,221,0,546.29,13
2025-09-01,ACCT-46338,mid_market,business,EMEA,315,26832.55,166,1,0,2
2025-08-01,ACCT-26570,mid_market,enterprise,EMEA,31,1488.68,16,0,0,3
2024-05-01,ACCT-22080,enterprise,pro,NA,108,9264.19,88,0,505.88,12
2025-04-01,ACCT-41486,startup,basic,LATAM,44,3884.62,37,0,248.31,7
2024-12-01,ACCT-12586,mid_market,basic,EMEA,74,6183.8,47,0,418.67,1
2024-02-01,ACCT-57565,enterprise,pro,EMEA,108,3913.95,43,0,194.28,5
2024-04-01,ACCT-56818,startup,enterprise,EMEA,40,4273.78,15,0,84.01,4
2024-03-01,ACCT-23138,mid_market,enterprise,EMEA,308,39825.82,269,1,0,2
2025-12-01,ACCT-74105,enterprise,pro,EMEA,165,13099.99,126,1,0,4
2025-05-01,ACCT-40524,startup,enterprise,APAC,15,720.38,9,0,484.89,8
2025-12-01,ACCT-35499,startup,pro,NA,4,223.06,1,0,8.69,2
2025-02-01,ACCT-59238,enterprise,basic,EMEA,268,13964.18,141,0,351.15,10
2025-10-01,ACCT-84887,mid_market,pro,LATAM,85,5790.67,42,0,356.65,11
2025-11-01,ACCT-81530,enterprise,basic,LATAM,46,1274.89,28,0,0,10
2024-04-01,ACCT-24662,startup,basic,LATAM,6,510.2,2,0,210.27,3
2024-10-01,ACCT-16840,startup,pro,LATAM,18,408.56,7,0,0,5
2025-10-01,ACCT-58462,mid_market,business,LATAM,288,23883.79,104,1,0,6
2025-09-01,ACCT-30636,startup,basic,NA,18,777.43,7,0,346.49,2
2025-06-01,ACCT-51310,startup,enterprise,EMEA,5,373.2,2,0,0,8
2024-05-01,ACCT-65015,mid_market,basic,APAC,44,3333.03,37,0,356.8,4
2025-07-01,ACCT-82141,startup,pro,EMEA,37,1106.33,19,0,226.21,10
2025-10-01,ACCT-62836,mid_market,pro,LATAM,88,5407.27,38,0,0,0
2024-05-01,ACCT-56179,startup,business,LATAM,37,2709.41,19,0,720.14,4
2025-08-01,ACCT-29494,enterprise,basic,APAC,136,3186.05,91,0,464.81,5
2024-10-01,ACCT-71795,mid_market,enterprise,NA,66,6424.56,62,0,368.87,15
2024-07-01,ACCT-62831,enterprise,pro,NA,202,9829.88,77,0,403.01,0
2024-10-01,ACCT-12479,enterprise,pro,LATAM,152,6359.35,100,0,309.85,0
2025-12-01,ACCT-81032,enterprise,business,NA,131,4777.07,48,0,188.1,13
2024-07-01,ACCT-61999,mid_market,basic,LATAM,47,4352.38,21,0,235.41,3
2024-11-01,ACCT-57627,startup,business,LATAM,20,1517.28,7,0,0,14
2025-11-01,ACCT-12291,enterprise,business,LATAM,21,851.85,12,0,0,0
2025-09-01,ACCT-95428,enterprise,enterprise,EMEA,126,8627.63,113,0,321.4,0
2025-02-01,ACCT-12910,enterprise,enterprise,APAC,107,7978.72,99,0,147.73,8
2024-08-01,ACCT-77148,mid_market,business,EMEA,144,10267.83,117,0,0,1
2024-05-01,ACCT-20977,startup,enterprise,EMEA,16,745.66,12,0,0.85,12
2025-10-01,ACCT-38662,startup,pro,LATAM,1,65.07,1,0,174.28,12
2025-09-01,ACCT-57020,mid_market,business,EMEA,169,6769.12,102,0,579.05,15
2024-02-01,ACCT-18720,startup,business,APAC,13,666.75,5,0,0,5
2024-02-01,ACCT-93011,mid_market,basic,NA,281,6713.78,262,0,102.16,9
2025-03-01,ACCT-20700,enterprise,pro,LATAM,6,352.14,5,0,419.75,14
2024-08-01,ACCT-78144,startup,pro,LATAM,30,1467.94,16,0,0.96,12
2024-05-01,ACCT-42385,enterprise,pro,APAC,218,13040.56,89,0,293.09,7
2024-05-01,ACCT-40243,startup,pro,APAC,7,292.79,5,0,276.07,9
2025-04-01,ACCT-17732,enterprise,enterprise,LATAM,281,20570.34,175,0,58.04,13
2024-10-01,ACCT-46958,enterprise,pro,APAC,137,12817.6,124,0,0,1
2025-02-01,ACCT-73969,mid_market,enterprise,EMEA,124,14061.14,88,1,0,9
2024-07-01,ACCT-71384,mid_market,basic,EMEA,119,4658.94,89,0,0,6
2025-12-01,ACCT-68074,enterprise,pro,LATAM,208,11998.3,171,0,625.89,15
2024-03-01,ACCT-45675,enterprise,business,NA,252,11213.26,222,0,17.31,14
2025-08-01,ACCT-16271,enterprise,basic,EMEA,265,24932.37,121,0,149.06,2
2024-08-01,ACCT-12892,startup,business,APAC,24,1573.86,9,0,0,12
2024-07-01,ACCT-86093,mid_market,enterprise,LATAM,30,3916.96,14,0,426.83,15
2024-12-01,ACCT-11438,startup,pro,LATAM,33,3049.29,25,1,0,10
2024-10-01,ACCT-92682,startup,enterprise,NA,33,2124.3,30,0,495.76,8
2025-07-01,ACCT-95212,startup,enterprise,LATAM,3,361.73,1,0,0,13
2024-03-01,ACCT-38075,startup,basic,EMEA,34,1025.72,29,0,222.22,9
2025-10-01,ACCT-41504,enterprise,pro,APAC,303,23764.63,267,0,212.4,3
2024-04-01,ACCT-63794,enterprise,business,EMEA,8,265.15,6,0,0,9
2025-09-01,ACCT-71470,mid_market,business,LATAM,260,19253.49,132,0,75.93,4
2025-10-01,ACCT-43001,startup,business,NA,3,81.46,2,0,558.34,14
2024-10-01,ACCT-56419,mid_market,pro,NA,27,1552.27,11,0,0,5
2024-07-01,ACCT-47550,mid_market,enterprise,NA,69,1747.85,63,0,617.81,4
2024-06-01,ACCT-21573,mid_market,basic,APAC,33,1551.18,28,0,569.01,5
2025-01-01,ACCT-13251,startup,basic,EMEA,37,677.55,33,0,348.09,4
2024-12-01,ACCT-52753,startup,basic,EMEA,14,595.23,12,0,92.64,5
2024-08-01,ACCT-47192,mid_market,pro,EMEA,125,8032.18,94,0,275.08,7
2025-10-01,ACCT-14680,startup,enterprise,NA,18,1699.07,14,0,0,0
2024-03-01,ACCT-92726,mid_market,basic,NA,9,384.83,6,0,74.94,14
2025-02-01,ACCT-39649,enterprise,enterprise,NA,257,16456.73,136,1,0,11
2025-09-01,ACCT-15809,enterprise,business,APAC,116,4257.98,74,0,463.51,9
2024-05-01,ACCT-28931,enterprise,basic,LATAM,317,12292.27,260,0,174.78,8
2024-08-01,ACCT-77085,startup,enterprise,EMEA,2,201.4,1,0,0,2
2024-11-01,ACCT-19960,enterprise,business,EMEA,192,17756.69,78,0,57.66,11
2024-06-01,ACCT-17684,startup,pro,EMEA,31,1367.62,24,0,151.61,0
2025-01-01,ACCT-58400,startup,enterprise,EMEA,36,4306.49,27,0,212.83,12
2024-10-01,ACCT-19810,enterprise,basic,NA,63,3276.77,58,0,562.59,10
2025-06-01,ACCT-30197,startup,pro,LATAM,3,207.63,1,0,352.26,0
2024-05-01,ACCT-95684,startup,business,APAC,17,1200.8,16,0,201.48,10
2025-09-01,ACCT-40327,enterprise,pro,NA,159,4884.92,78,0,157.0,9
2025-07-01,ACCT-32045,mid_market,pro,APAC,29,2003.88,12,1,0,1
2024-11-01,ACCT-36175,startup,enterprise,APAC,2,115.12,1,0,373.01,6
2025-04-01,ACCT-39093,startup,pro,EMEA,29,1820.0,27,0,189.54,2
2024-09-01,ACCT-94929,startup,basic,LATAM,33,1132.21,13,0,143.77,4
2024-02-01,ACCT-56841,mid_market,business,APAC,110,3025.05,49,0,0,9
2024-08-01,ACCT-63184,startup,pro,NA,19,1722.36,12,0,268.1,4
2025-07-01,ACCT-92273,enterprise,basic,EMEA,224,19581.14,214,0,560.33,10
2024-08-01,ACCT-95422,startup,enterprise,LATAM,16,2035.27,8,0,331.43,7
2025-06-01,ACCT-89482,startup,basic,LATAM,25,1741.39,15,0,75.56,2
2024-06-01,ACCT-69013,startup,basic,NA,24,2166.06,17,0,567.92,14
2024-09-01,ACCT-79996,mid_market,pro,LATAM,167,3860.13,154,0,329.29,1
2024-12-01,ACCT-71200,enterprise,pro,NA,82,1533.51,53,0,820.82,6
2025-01-01,ACCT-40591,enterprise,basic,APAC,60,3230.53,46,0,385.34,3
2025-02-01,ACCT-47416,mid_market,enterprise,NA,194,7143.93,145,0,123.21,7
2024-08-01,ACCT-58527,enterprise,pro,LATAM,5,218.2,3,0,261.69,12
2024-10-01,ACCT-46627,mid_market,basic,NA,31,1747.85,19,0,0,7
2025-09-01,ACCT-28189,startup,business,APAC,13,443.96,8,0,0,14
2024-07-01,ACCT-59362,mid_market,enterprise,LATAM,79,9632.28,50,0,136.45,9
2024-04-01,ACCT-15242,enterprise,pro,APAC,193,4137.58,132,0,0,12
2024-04-01,ACCT-39953,mid_market,enterprise,EMEA,44,2344.26,28,0,251.3,9
2024-11-01,ACCT-90417,mid_market,business,APAC,20,1144.02,7,0,70.95,12
2024-01-01,ACCT-45008,enterprise,pro,APAC,85,7460.78,55,0,161.06,11
2024-01-01,ACCT-61031,mid_market,business,APAC,179,4799.45,100,0,158.61,3
2025-08-01,ACCT-50992,startup,enterprise,NA,38,2031.87,26,0,125.99,4
2024-12-01,ACCT-52605,enterprise,enterprise,LATAM,110,3810.42,86,0,0,2
2025-10-01,ACCT-89025,startup,basic,LATAM,11,982.27,8,0,195.43,1
2025-10-01,ACCT-20453,mid_market,enterprise,EMEA,250,8480.83,170,0,190.4,1
2025-08-01,ACCT-95588,enterprise,business,LATAM,248,18167.89,151,0,168.21,7
2025-07-01,ACCT-40990,mid_market,pro,LATAM,273,16613.78,169,0,401.83,13
2024-05-01,ACCT-11604,startup,pro,LATAM,32,2032.29,19,0,131.94,11
2025-09-01,ACCT-37293,enterprise,business,EMEA,238,19847.51,94,0,183.85,0
2025-09-01,ACCT-70007,mid_market,basic,EMEA,23,1614.46,13,0,249.69,3
2025-11-01,ACCT-63459,enterprise,business,NA,34,1205.65,29,0,253.92,15
2025-09-01,ACCT-21222,startup,pro,NA,10,710.13,4,0,0,1
2024-12-01,ACCT-39806,mid_market,pro,NA,301,15595.95,159,1,0,12
2025-08-01,ACCT-49190,startup,basic,EMEA,36,915.38,13,0,0,13
2024-08-01,ACCT-55191,startup,pro,NA,20,368.93,18,0,239.93,7
2024-11-01,ACCT-36022,startup,business,LATAM,12,1071.09,11,0,457.89,3
2024-10-01,ACCT-78046,startup,pro,APAC,19,1331.82,13,0,0,8
2025-06-01,ACCT-35265,enterprise,enterprise,LATAM,318,15207.63,179,0,502.42,2
2024-11-01,ACCT-73536,startup,enterprise,APAC,44,3223.88,31,0,135.02,8
2024-03-01,ACCT-88607,mid_market,enterprise,LATAM,314,21719.07,149,0,179.05,5
2024-12-01,ACCT-43115,mid_market,business,EMEA,207,16020.32,149,0,0,3
2025-06-01,ACCT-54960,mid_market,pro,APAC,40,2966.41,23,0,143.36,8
2025-03-01,ACCT-24897,mid_market,business,APAC,152,8249.61,131,0,686.83,5
2024-06-01,ACCT-83794,startup,enterprise,LATAM,37,1328.84,33,0,161.95,8
2025-08-01,ACCT-82153,enterprise,enterprise,EMEA,9,1035.77,3,0,0,0
2024-06-01,ACCT-83472,mid_market,basic,LATAM,291,13156.61,126,0,0,4
2025-03-01,ACCT-65714,enterprise,pro,APAC,10,504.64,7,0,139.71,14
2024-04-01,ACCT-81739,mid_market,enterprise,EMEA,210,22315.3,154,0,0,11
2024-01-01,ACCT-57042,startup,pro,NA,18,1333.35,7,0,506.24,14
2025-05-01,ACCT-13840,mid_market,business,EMEA,213,8728.6,150,1,0,2
2025-01-01,ACCT-23823,startup,enterprise,LATAM,27,2755.35,11,0,119.45,11
2025-03-01,ACCT-70988,enterprise,enterprise,NA,179,23661.53,108,0,379.88,13
2025-04-01,ACCT-53403,enterprise,business,APAC,115,2649.86,81,0,0,4
2025-08-01,ACCT-81926,mid_market,enterprise,NA,293,28602.36,237,0,0,6
2024-12-01,ACCT-20730,mid_market,basic,NA,268,6934.46,179,0,318.03,14
2024-01-01,ACCT-30864,mid_market,pro,APAC,131,11868.43,84,1,0,11
2024-01-01,ACCT-41941,mid_market,business,EMEA,214,17637.65,154,0,267.26,4
2025-05-01,ACCT-64325,enterprise,basic,APAC,255,9279.66,140,0,19.64,8
2025-10-01,ACCT-67555,startup,basic,LATAM,25,1294.71,13,0,0,11
2025-12-01,ACCT-10418,mid_market,basic,LATAM,229,8190.54,83,1,0,6
2024-11-01,ACCT-81680,startup,basic,APAC,42,1069.37,27,0,0,9
2025-11-01,ACCT-86422,mid_market,enterprise,NA,100,8015.24,83,0,315.2,10
2025-12-01,ACCT-36304,startup,pro,NA,15,1078.44,8,0,265.17,5
2025-06-01,ACCT-49730,startup,enterprise,EMEA,42,3535.06,34,0,0,10
2025-04-01,ACCT-22096,startup,pro,APAC,5,407.56,3,0,16.26,12
2024-11-01,ACCT-67697,startup,enterprise,EMEA,15,1732.21,5,0,0,0
2024-01-01,ACCT-96821,startup,enterprise,NA,30,3802.01,28,0,440.42,9
2025-01-01,ACCT-21266,startup,business,LATAM,36,2896.57,25,0,164.63,7
2024-10-01,ACCT-79821,mid_market,basic,NA,216,7297.05,113,0,0,8
2024-05-01,ACCT-33655,mid_market,basic,APAC,153,12610.79,106,0,622.33,15
2024-11-01,ACCT-75769,enterprise,business,LATAM,216,16938.18,167,0,14.14,15
2024-10-01,ACCT-94449,mid_market,pro,EMEA,283,6750.7,202,0,0,4
2024-09-01,ACCT-95593,enterprise,enterprise,NA,279,23036.74,119,0,0,5
2024-06-01,ACCT-82697,enterprise,business,APAC,51,3039.46,42,0,414.82,4
2025-05-01,ACCT-31089,enterprise,basic,APAC,212,11711.52,130,0,232.83,11
2024-08-01,ACCT-59277,startup,basic,LATAM,14,809.71,10,0,239.18,7
2025-02-01,ACCT-35146,startup,basic,LATAM,6,232.45,4,0,174.77,6
2024-05-01,ACCT-40631,enterprise,basic,EMEA,291,23504.28,113,0,700.08,13
2024-01-01,ACCT-26824,startup,business,LATAM,7,351.68,6,0,0,5
2025-03-01,ACCT-75062,enterprise,business,NA,135,10585.57,105,0,125.03,5
2025-08-01,ACCT-48531,mid_market,pro,NA,228,7574.65,107,0,122.01,13
2025-11-01,ACCT-43493,mid_market,pro,EMEA,17,1430.04,12,0,186.82,7
2025-09-01,ACCT-52689,mid_market,enterprise,LATAM,15,1668.07,13,0,494.7,0
2025-08-01,ACCT-16384,startup,enterprise,EMEA,27,2149.71,14,0,649.48,15
2024-02-01,ACCT-10613,startup,pro,LATAM,17,414.25,15,0,359.74,10
2024-11-01,ACCT-80210,startup,business,LATAM,14,848.66,5,0,158.53,10
2024-05-01,ACCT-10970,mid_market,enterprise,LATAM,153,19051.71,146,0,262.8,8
2025-01-01,ACCT-96633,startup,basic,EMEA,21,1400.5,12,0,0,15
2025-06-01,ACCT-80931,mid_market,enterprise,NA,306,27862.14,288,0,277.21,6
2024-01-01,ACCT-89904,enterprise,enterprise,NA,101,12674.91,74,0,191.24,14
2025-09-01,ACCT-98277,enterprise,basic,NA,135,8007.58,92,0,476.5,7
2024-08-01,ACCT-77658,enterprise,enterprise,LATAM,138,5650.26,103,0,304.35,4
2024-07-01,ACCT-60930,startup,business,LATAM,25,1015.49,9,0,119.83,14
2025-11-01,ACCT-50006,mid_market,basic,EMEA,258,16374.74,246,0,223.46,7
2024-03-01,ACCT-84863,enterprise,enterprise,NA,146,13426.18,91,0,313.72,11
2025-08-01,ACCT-93333,mid_market,business,EMEA,128,5857.64,118,0,287.58,2
2024-05-01,ACCT-13352,startup,basic,LATAM,15,929.22,9,0,107.78,5
2025-10-01,ACCT-33570,enterprise,enterprise,EMEA,54,4232.19,40,0,267.74,11
2025-07-01,ACCT-37842,startup,business,LATAM,12,533.02,8,0,934.49,0
2024-01-01,ACCT-55268,enterprise,enterprise,APAC,251,10282.0,123,0,0,12
2024-08-01,ACCT-85286,startup,enterprise,APAC,21,2472.07,9,0,216.94,11
2025-06-01,ACCT-74715,mid_market,basic,NA,293,10447.25,260,0,282.79,15
2024-01-01,ACCT-11281,startup,business,EMEA,2,54.83,1,0,0,11
2024-11-01,ACCT-72096,enterprise,enterprise,NA,244,10800.06,190,0,148.85,7
2024-09-01,ACCT-33650,mid_market,enterprise,EMEA,25,3274.66,20,0,241.59,8
2025-02-01,ACCT-15320,mid_market,basic,EMEA,99,3093.85,89,0,445.72,5
2024-10-01,ACCT-45411,enterprise,basic,APAC,191,14623.38,108,0,0,8
2025-11-01,ACCT-53901,mid_market,business,EMEA,314,26157.95,196,0,167.88,4
2025-10-01,ACCT-33901,startup,business,APAC,20,422.66,17,0,661.19,6
2025-02-01,ACCT-49296,mid_market,pro,APAC,203,13866.34,75,0,427.12,15
2025-03-01,ACCT-89085,enterprise,basic,APAC,28,910.19,11,0,148.58,6
2025-08-01,ACCT-74358,startup,basic,LATAM,21,1261.0,7,0,45.12,6
2025-10-01,ACCT-85338,mid_market,pro,LATAM,274,15248.96,260,0,631.69,12
2025-05-01,ACCT-48375,enterprise,business,APAC,261,17266.42,243,0,127.23,4
2024-05-01,ACCT-15505,enterprise,business,LATAM,134,12502.97,68,0,328.93,0
2024-07-01,ACCT-49627,startup,pro,NA,21,1381.36,15,0,272.5,8
2024-11-01,ACCT-10487,startup,enterprise,APAC,30,1097.65,16,0,197.9,7
2025-01-01,ACCT-85208,enterprise,pro,LATAM,208,11937.77,135,0,148.25,6
2025-10-01,ACCT-83138,enterprise,pro,LATAM,61,4319.24,42,0,486.99,14
2025-02-01,ACCT-58922,mid_market,enterprise,NA,303,20271.08,118,0,0,6
2025-05-01,ACCT-12170,startup,basic,NA,18,954.27,15,1,0,15
2025-06-01,ACCT-58764,enterprise,basic,APAC,312,11336.61,200,0,0,0
2024-02-01,ACCT-68797,startup,pro,EMEA,34,3082.76,21,0,423.19,1
2025-10-01,ACCT-37326,mid_market,pro,LATAM,171,7239.3,112,0,476.74,15
2024-06-01,ACCT-76814,enterprise,pro,LATAM,171,12146.42,149,0,91.97,12
2024-06-01,ACCT-53576,startup,business,EMEA,25,1036.99,11,0,286.03,13
2025-11-01,ACCT-77208,enterprise,basic,APAC,48,2284.16,39,0,390.76,15
2024-05-01,ACCT-33541,mid_market,pro,APAC,59,3035.93,25,0,146.37,12
2025-05-01,ACCT-97349,startup,pro,APAC,26,2023.18,19,0,268.08,7
2024-04-01,ACCT-44212,startup,pro,NA,40,3775.34,28,0,13.66,15
2024-10-01,ACCT-60666,mid_market,basic,EMEA,280,6993.96,251,0,411.2,8
2024-05-01,ACCT-84449,enterprise,business,APAC,118,6977.48,88,0,0,10
2025-11-01,ACCT-65734,startup,enterprise,NA,18,1521.82,10,0,271.04,1
2024-02-01,ACCT-30654,startup,business,EMEA,4,211.67,2,0,383.07,5
2024-07-01,ACCT-92902,mid_market,business,NA,46,2055.57,27,0,0,14
2024-08-01,ACCT-97736,startup,basic,EMEA,23,1576.76,21,0,353.32,13
2025-05-01,ACCT-28016,startup,business,LATAM,16,554.53,12,0,176.62,6
2025-07-01,ACCT-34990,startup,basic,EMEA,34,2821.89,18,0,1.88,6
2024-09-01,ACCT-76498,startup,business,NA,43,3486.62,26,0,189.21,8
2024-04-01,ACCT-42578,mid_market,pro,EMEA,319,21557.99,123,0,101.47,12
2024-09-01,ACCT-81701,startup,basic,NA,25,1646.57,14,0,249.81,3
2025-03-01,ACCT-34572,mid_market,enterprise,APAC,16,1974.6,8,0,0,4
2025-12-01,ACCT-59659,enterprise,business,NA,265,24986.83,139,0,288.62,6
2025-09-01,ACCT-79640,startup,business,APAC,19,656.95,15,0,115.17,1
2025-09-01,ACCT-16346,mid_market,business,LATAM,5,353.24,3,0,43.07,11
2024-04-01,ACCT-34399,mid_market,pro,EMEA,201,3715.24,175,0,75.32,0
2025-01-01,ACCT-69839,mid_market,business,APAC,77,1463.36,39,0,804.25,15
2025-07-01,ACCT-81349,mid_market,business,EMEA,14,1029.84,6,1,0,11
2024-11-01,ACCT-25985,mid_market,enterprise,APAC,64,6654.61,51,0,644.56,14
2024-10-01,ACCT-48517,startup,business,NA,14,791.93,8,0,390.17,9
2024-02-01,ACCT-27534,enterprise,enterprise,NA,233,27308.29,146,0,0,13
2024-02-01,ACCT-70591,enterprise,basic,LATAM,110,4030.95,73,0,30.27,1
2025-03-01,ACCT-80360,enterprise,basic,APAC,219,6934.27,139,0,0,1
2024-01-01,ACCT-38538,startup,enterprise,NA,25,744.71,13,0,22.8,1
2025-12-01,ACCT-71333,enterprise,pro,LATAM,79,4162.45,37,0,0,2
2025-05-01,ACCT-82837,enterprise,pro,EMEA,23,1936.21,15,0,87.65,6
2024-12-01,ACCT-47547,enterprise,pro,APAC,302,16377.39,269,0,165.41,6
2025-10-01,ACCT-32892,startup,business,APAC,40,1261.05,16,0,287.06,13
2025-06-01,ACCT-90474,mid_market,pro,LATAM,293,19717.52,126,0,254.43,15
2025-05-01,ACCT-40897,startup,business,LATAM,41,3743.63,35,0,103.39,3
2024-01-01,ACCT-34455,mid_market,enterprise,APAC,74,2970.65,26,0,0,6
2024-05-01,ACCT-50501,mid_market,business,NA,172,7669.95,128,0,78.1,5
2024-12-01,ACCT-25746,mid_market,business,NA,88,4982.74,53,0,207.0,3
2024-04-01,ACCT-95960,mid_market,business,EMEA,30,1047.75,23,1,0,9
2025-03-01,ACCT-72975,mid_market,pro,LATAM,69,4327.03,64,0,290.6,1
2024-04-01,ACCT-77099,mid_market,basic,NA,19,1729.59,13,0,0,4
2024-06-01,ACCT-23250,startup,pro,LATAM,13,513.66,4,0,618.73,15
2024-08-01,ACCT-50566,startup,pro,NA,1,54.11,1,0,302.75,11
2025-07-01,ACCT-92907,enterprise,pro,NA,222,6870.83,95,0,353.33,2
2025-03-01,ACCT-72977,startup,pro,APAC,32,1074.58,21,0,125.9,4
2024-09-01,ACCT-54183,mid_market,basic,LATAM,308,12977.98,223,0,28.24,4
2025-01-01,ACCT-71178,mid_market,business,APAC,261,9636.45,126,0,0,0
2024-08-01,ACCT-14104,enterprise,enterprise,LATAM,136,8438.39,99,0,0,12
2025-08-01,ACCT-33585,mid_market,basic,LATAM,247,20346.53,205,0,0,15
2025-12-01,ACCT-28848,enterprise,enterprise,EMEA,57,2442.86,46,1,0,3
2025-12-01,ACCT-88791,enterprise,pro,APAC,238,5106.85,99,0,307.85,15
2025-11-01,ACCT-11284,startup,enterprise,EMEA,43,2783.3,32,0,426.07,6
2024-06-01,ACCT-82593,startup,pro,LATAM,29,954.86,22,0,0,7
2025-11-01,ACCT-98264,startup,basic,NA,9,379.08,6,0,39.39,5
2025-01-01,ACCT-56539,startup,pro,LATAM,2,173.83,1,0,458.37,2
2025-04-01,ACCT-11617,mid_market,pro,APAC,6,290.76,2,0,369.48,5
2025-01-01,ACCT-80448,startup,pro,LATAM,24,535.64,21,1,0,1
2025-12-01,ACCT-42546,startup,business,APAC,40,1479.69,24,0,105.06,0
2024-02-01,ACCT-37189,startup,business,NA,38,2448.74,14,0,137.3,6
2024-12-01,ACCT-41838,enterprise,pro,EMEA,151,13188.08,64,0,88.9,11
2025-07-01,ACCT-11024,enterprise,basic,NA,138,3808.48,51,0,320.68,15
2025-05-01,ACCT-93827,enterprise,pro,APAC,275,17920.42,150,0,467.47,12
2024-10-01,ACCT-71776,startup,business,NA,1,51.28,1,0,16.79,10
2025-01-01,ACCT-11083,startup,basic,LATAM,14,919.56,6,0,323.42,11
2024-07-01,ACCT-33636,startup,business,NA,32,1059.69,21,0,0,2
2024-03-01,ACCT-91444,mid_market,pro,LATAM,187,5158.0,67,0,292.07,2
2025-09-01,ACCT-35579,mid_market,basic,NA,145,2918.46,68,0,96.29,13
2025-11-01,ACCT-21007,startup,business,APAC,44,2650.89,16,0,0,3
2025-01-01,ACCT-44471,mid_market,basic,LATAM,148,12111.56,97,0,0,9
2025-07-01,ACCT-36201,enterprise,pro,LATAM,185,15377.14,139,0,75.68,11
2024-02-01,ACCT-99408,startup,enterprise,LATAM,7,298.9,3,0,189.91,2
2024-10-01,ACCT-99103,startup,pro,EMEA,36,2808.27,26,0,3.25,14
2025-01-01,ACCT-78520,mid_market,basic,NA,220,12168.89,172,0,174.42,11
2024-12-01,ACCT-32521,startup,basic,APAC,24,1946.52,16,0,288.33,2
2024-08-01,ACCT-46330,startup,enterprise,LATAM,4,246.16,1,0,337.86,14
2025-07-01,ACCT-50793,startup,basic,APAC,22,1212.85,20,0,8.98,8
2024-06-01,ACCT-69340,mid_market,pro,LATAM,96,5871.11,82,0,630.12,14
2025-09-01,ACCT-82306,startup,basic,EMEA,39,3409.5,28,0,356.63,5
2025-11-01,ACCT-12096,mid_market,business,APAC,86,5868.99,40,0,278.11,15
2025-04-01,ACCT-77199,mid_market,enterprise,NA,45,3692.62,23,0,0,1
2024-09-01,ACCT-25885,enterprise,basic,APAC,161,14642.65,72,0,351.05,15
2024-09-01,ACCT-49856,enterprise,business,APAC,175,8544.7,124,0,350.4,11
2025-10-01,ACCT-83507,mid_market,pro,NA,74,4857.21,56,0,79.71,13
2024-10-01,ACCT-79668,startup,business,LATAM,26,1774.77,24,0,775.75,8
2024-07-01,ACCT-63183,startup,pro,EMEA,6,360.89,4,0,263.82,12
2025-08-01,ACCT-44347,startup,enterprise,LATAM,27,2435.2,22,0,179.75,0
2025-05-01,ACCT-57533,startup,pro,APAC,20,786.72,18,0,598.92,15
2025-12-01,ACCT-58800,startup,pro,EMEA,19,912.72,10,0,294.16,7
2025-02-01,ACCT-15149,startup,pro,APAC,27,1240.61,12,0,184.84,2
2024-05-01,ACCT-22213,enterprise,business,LATAM,151,8940.98,66,0,452.66,14
2024-02-01,ACCT-42448,mid_market,business,LATAM,299,7171.42,223,1,0,6
2024-10-01,ACCT-80965,startup,business,APAC,24,1282.17,12,0,0,4
2025-10-01,ACCT-91031,enterprise,pro,EMEA,304,18174.12,283,0,101.84,11
2024-02-01,ACCT-31269,mid_market,business,LATAM,96,5020.48,62,0,409.69,4
2025-08-01,ACCT-21269,enterprise,basic,LATAM,108,6264.91,72,0,157.34,9
2025-08-01,ACCT-26730,startup,basic,NA,37,3291.75,25,0,301.63,8
2025-06-01,ACCT-56710,startup,pro,LATAM,3,276.93,1,0,254.11,14
2025-03-01,ACCT-92677,enterprise,enterprise,EMEA,186,21078.3,130,0,0,6
2024-05-01,ACCT-55102,startup,business,EMEA,26,1876.03,20,0,191.13,7
2024-06-01,ACCT-45362,enterprise,basic,APAC,49,2834.7,39,0,146.2,14
2025-05-01,ACCT-13189,mid_market,business,NA,290,20699.98,275,0,74.38,12
2024-12-01,ACCT-15410,enterprise,enterprise,EMEA,192,8361.25,174,0,256.49,5
2025-07-01,ACCT-82997,enterprise,pro,APAC,108,7548.78,65,0,0,2
2024-06-01,ACCT-42601,startup,basic,EMEA,32,800.8,20,0,116.02,13
2025-05-01,ACCT-52545,startup,enterprise,EMEA,36,4301.29,21,0,0,7
2024-05-01,ACCT-45602,startup,enterprise,LATAM,29,1747.05,25,0,0,9
2025-06-01,ACCT-14080,mid_market,basic,LATAM,73,6528.1,49,0,144.94,5
2025-01-01,ACCT-46134,enterprise,basic,NA,15,660.23,7,0,365.51,9
2025-05-01,ACCT-49745,enterprise,pro,NA,114,9095.42,67,0,585.42,11
2025-04-01,ACCT-65152,enterprise,basic,LATAM,203,4555.3,155,0,0,8
2025-08-01,ACCT-94368,startup,business,EMEA,15,623.75,11,0,229.93,7
2025-06-01,ACCT-46851,mid_market,enterprise,APAC,209,10652.58,151,0,136.12,4
2025-05-01,ACCT-96690,mid_market,pro,NA,257,16785.02,98,0,437.77,9
2024-02-01,ACCT-81774,startup,enterprise,NA,23,2923.18,17,0,420.78,0
2025-02-01,ACCT-93062,enterprise,pro,LATAM,285,13833.56,116,0,187.22,8
2024-03-01,ACCT-45801,mid_market,basic,EMEA,306,28958.89,164,0,138.8,0
2024-02-01,ACCT-53335,startup,business,APAC,43,1060.35,38,0,61.56,14
2025-01-01,ACCT-15734,enterprise,business,NA,249,7635.4,188,0,195.49,1
2025-11-01,ACCT-65478,enterprise,pro,EMEA,44,1655.1,16,0,149.74,9
2024-04-01,ACCT-20524,enterprise,business,EMEA,30,687.24,12,0,387.57,2
2024-04-01,ACCT-10943,enterprise,business,LATAM,117,3623.52,49,0,0,15
2024-05-01,ACCT-25299,startup,basic,LATAM,29,2413.83,27,0,469.12,8
2025-11-01,ACCT-75244,mid_market,business,EMEA,138,9855.51,80,0,0,7
2024-07-01,ACCT-19260,startup,business,LATAM,27,1294.36,17,0,133.65,6
2024-01-01,ACCT-30774,startup,basic,EMEA,41,3400.55,21,0,96.74,9
2025-05-01,ACCT-63934,mid_market,pro,EMEA,21,1905.67,11,1,0,2
2025-05-01,ACCT-95239,enterprise,business,APAC,50,3013.64,23,0,792.69,5
2024-07-01,ACCT-64280,enterprise,enterprise,APAC,293,9055.68,121,0,361.14,0
2025-11-01,ACCT-48101,startup,basic,APAC,4,243.14,3,0,452.53,6
2024-03-01,ACCT-40903,mid_market,pro,APAC,149,5784.53,59,0,343.35,4
2024-05-01,ACCT-20866,startup,pro,EMEA,21,1386.61,19,0,37.37,15
2024-01-01,ACCT-72991,enterprise,enterprise,LATAM,315,34646.56,132,0,198.47,6
2025-11-01,ACCT-31363,enterprise,enterprise,APAC,165,6999.54,61,0,347.45,15
2025-08-01,ACCT-57857,startup,basic,LATAM,4,264.06,3,0,4.42,10
2025-12-01,ACCT-37873,enterprise,pro,APAC,55,3253.03,30,0,42.01,8
2025-05-01,ACCT-11315,startup,business,LATAM,8,353.55,3,0,501.66,8
2024-05-01,ACCT-24964,enterprise,pro,EMEA,32,2140.68,17,0,156.1,14
2025-11-01,ACCT-92009,enterprise,pro,APAC,129,6792.03,84,0,0,6
2025-10-01,ACCT-13347,mid_market,pro,APAC,151,12741.86,120,0,0,9
